"","x"
"1","Abutilon calliphyllum"
"2","Abutilon fraseri subsp. diplotrichum"
"3","Abutilon fraseri subsp. fraseri"
"4","Abutilon halophilum"
"5","Abutilon oxycarpum var. incanum"
"6","Abutilon oxycarpum var. subsagittatum"
"7","Acacia abbreviata"
"8","Acacia abrupta"
"9","Acacia acanthaster"
"10","Acacia acanthoclada subsp. acanthoclada"
"11","Acacia acellerata"
"12","Acacia aciphylla"
"13","Acacia acoma"
"14","Acacia acuaria"
"15","Acacia aculeiformis"
"16","Acacia acutata"
"17","Acacia adenogonia"
"18","Acacia adinophylla"
"19","Acacia adnata"
"20","Acacia alcockii"
"21","Acacia alexandri"
"22","Acacia amanda"
"23","Acacia ammobia"
"24","Acacia ammophila"
"25","Acacia amyctica"
"26","Acacia anastema"
"27","Acacia anaticeps"
"28","Acacia anceps"
"29","Acacia ancistrophylla var. ancistrophylla"
"30","Acacia ancistrophylla var. lissophylla"
"31","Acacia andrewsii"
"32","Acacia aneura var. aneura"
"33","Acacia aneura var. major"
"34","Acacia aphanoclada"
"35","Acacia aprepta"
"36","Acacia aprica"
"37","Acacia araneosa"
"38","Acacia arcuatilis"
"39","Acacia argutifolia"
"40","Acacia argyrophylla"
"41","Acacia aristulata"
"42","Acacia armillata"
"43","Acacia ascendens"
"44","Acacia asepala"
"45","Acacia ashbyae"
"46","Acacia assimilis subsp. atroviridis"
"47","Acacia ataxiphylla subsp. magna"
"48","Acacia atkinsiana"
"49","Acacia atopa"
"50","Acacia attenuata"
"51","Acacia aulacophylla"
"52","Acacia auratiflora"
"53","Acacia auricoma"
"54","Acacia auripila"
"55","Acacia awestoniana"
"56","Acacia ayersiana"
"57","Acacia bakeri"
"58","Acacia balsamea"
"59","Acacia barattensis"
"60","Acacia basedowii"
"61","Acacia baueri subsp. baueri"
"62","Acacia beadleana"
"63","Acacia bidentata"
"64","Acacia bifaria"
"65","Acacia binata"
"66","Acacia binervata"
"67","Acacia bivenosa"
"68","Acacia blaxellii"
"69","Acacia botrydion"
"70","Acacia brachyclada"
"71","Acacia brachypoda"
"72","Acacia brachystachya"
"73","Acacia bracteolata"
"74","Acacia brassii"
"75","Acacia brockii"
"76","Acacia caesariata"
"77","Acacia calcarata"
"78","Acacia calcicola"
"79","Acacia calyculata"
"80","Acacia camptoclada"
"81","Acacia campylophylla"
"82","Acacia cangaiensis"
"83","Acacia cassicula"
"84","Acacia castanostegia"
"85","Acacia cataractae"
"86","Acacia catenulata"
"87","Acacia cavealis"
"88","Acacia cedroides"
"89","Acacia celsa"
"90","Acacia cerastes"
"91","Acacia chippendalei"
"92","Acacia chrysella"
"93","Acacia chrysopoda"
"94","Acacia chrysotricha"
"95","Acacia clelandii"
"96","Acacia cochlocarpa"
"97","Acacia cochlocarpa subsp. cochlocarpa"
"98","Acacia comans"
"99","Acacia concurrens"
"100","Acacia confluens"
"101","Acacia congesta"
"102","Acacia consanguinea"
"103","Acacia consobrina"
"104","Acacia convallium"
"105","Acacia coriacea"
"106","Acacia costata"
"107","Acacia courtii"
"108","Acacia cracentis"
"109","Acacia craspedocarpa"
"110","Acacia crassicarpa"
"111","Acacia crassistipula"
"112","Acacia crassuloides"
"113","Acacia crenulata"
"114","Acacia cretacea"
"115","Acacia crombiei"
"116","Acacia cupularis"
"117","Acacia curvata"
"118","Acacia cylindrica"
"119","Acacia dacrydioides"
"120","Acacia dallachiana"
"121","Acacia daviesioides"
"122","Acacia daweana"
"123","Acacia deanei subsp. deanei"
"124","Acacia deanei subsp. paucijuga"
"125","Acacia declinata"
"126","Acacia deficiens"
"127","Acacia deflexa"
"128","Acacia delicatula"
"129","Acacia delphina"
"130","Acacia deltoidea"
"131","Acacia densiflora"
"132","Acacia denticulosa"
"133","Acacia depressa"
"134","Acacia dermatophylla"
"135","Acacia desmondii"
"136","Acacia diaphana"
"137","Acacia diaphyllodinea"
"138","Acacia dictyoneura"
"139","Acacia dictyophleba"
"140","Acacia dielsii"
"141","Acacia dilatata"
"142","Acacia diminuta"
"143","Acacia disparrima"
"144","Acacia disparrima subsp. calidestris"
"145","Acacia disparrima subsp. disparrima"
"146","Acacia dissimilis"
"147","Acacia dissona"
"148","Acacia distans"
"149","Acacia disticha"
"150","Acacia dolichophylla"
"151","Acacia doratoxylon"
"152","Acacia dorsenna"
"153","Acacia drepanophylla"
"154","Acacia drewiana subsp. minor"
"155","Acacia dura"
"156","Acacia durabilis"
"157","Acacia effusa"
"158","Acacia elata"
"159","Acacia elongata"
"160","Acacia enervia subsp. enervia"
"161","Acacia enervia subsp. explicata"
"162","Acacia ensifolia"
"163","Acacia enterocarpa"
"164","Acacia epedunculata"
"165","Acacia eremophila"
"166","Acacia eremophila var. eremophila"
"167","Acacia ericifolia"
"168","Acacia ericksoniae"
"169","Acacia erinacea"
"170","Acacia erioclada"
"171","Acacia errabunda"
"172","Acacia estrophiolata"
"173","Acacia euthycarpa subsp. euthycarpa"
"174","Acacia euthycarpa subsp. oblanceolata"
"175","Acacia euthyphylla"
"176","Acacia evenulosa"
"177","Acacia excelsa subsp. angusta"
"178","Acacia excelsa subsp. excelsa"
"179","Acacia exocarpoides"
"180","Acacia fagonioides"
"181","Acacia ferocior"
"182","Acacia filifolia"
"183","Acacia filipes"
"184","Acacia flabellifolia"
"185","Acacia flavescens"
"186","Acacia fleckeri"
"187","Acacia fragilis"
"188","Acacia frigescens"
"189","Acacia froggattii"
"190","Acacia gelasina"
"191","Acacia georginae"
"192","Acacia gilesiana"
"193","Acacia glaucissima"
"194","Acacia glaucoptera"
"195","Acacia glutinosissima"
"196","Acacia gonophylla"
"197","Acacia gordonii"
"198","Acacia gracilenta"
"199","Acacia gracilifolia"
"200","Acacia graniticola"
"201","Acacia gregorii"
"202","Acacia guinetii"
"203","Acacia guymeri"
"204","Acacia hadrophylla"
"205","Acacia hamersleyensis"
"206","Acacia harveyi"
"207","Acacia havilandiorum"
"208","Acacia helicophylla"
"209","Acacia helmsiana"
"210","Acacia heterochroa"
"211","Acacia heteroneura"
"212","Acacia hexaneura"
"213","Acacia hilliana"
"214","Acacia homaloclada"
"215","Acacia homalophylla"
"216","Acacia hubbardiana"
"217","Acacia humifusa"
"218","Acacia hypermeces"
"219","Acacia imbricata"
"220","Acacia imitans"
"221","Acacia improcera"
"222","Acacia inaequilatera"
"223","Acacia inaequiloba"
"224","Acacia inamabilis"
"225","Acacia incongesta"
"226","Acacia ingrata"
"227","Acacia insolita subsp. recurva"
"228","Acacia intricata"
"229","Acacia irrorata"
"230","Acacia irrorata subsp. irrorata"
"231","Acacia irrorata subsp. velutinella"
"232","Acacia jacksonioides"
"233","Acacia kalgoorliensis"
"234","Acacia kempeana"
"235","Acacia kerryana"
"236","Acacia kettlewelliae"
"237","Acacia kimberleyensis"
"238","Acacia kochii"
"239","Acacia lacertensis"
"240","Acacia lachnophylla"
"241","Acacia lamprocarpa"
"242","Acacia lanceolata"
"243","Acacia lanei"
"244","Acacia lanuginophylla"
"245","Acacia laricina"
"246","Acacia laricina var. crassifolia"
"247","Acacia lasiocarpa var. bracteolata"
"248","Acacia latipes"
"249","Acacia latzii"
"250","Acacia lentiginea"
"251","Acacia leprosa var. uninervia"
"252","Acacia leptalea"
"253","Acacia leptoneura"
"254","Acacia leptopetala"
"255","Acacia leptospermoides"
"256","Acacia levata"
"257","Acacia linarioides"
"258","Acacia lineolata"
"259","Acacia lirellata"
"260","Acacia lobulata"
"261","Acacia loderi"
"262","Acacia longiphyllodinea"
"263","Acacia longispinea"
"264","Acacia loxophylla"
"265","Acacia lullfitziorum"
"266","Acacia mackeyana"
"267","Acacia maconochieana"
"268","Acacia maidenii"
"269","Acacia malloclada"
"270","Acacia maranoensis"
"271","Acacia marramamba"
"272","Acacia maxwellii"
"273","Acacia megacephala"
"274","Acacia meisneri"
"275","Acacia melleodora"
"276","Acacia melvillei"
"277","Acacia menzelii"
"278","Acacia merrallii"
"279","Acacia merrickiae"
"280","Acacia microcalyx"
"281","Acacia microcybe"
"282","Acacia microneura"
"283","Acacia microsperma"
"284","Acacia midgleyi"
"285","Acacia mimica"
"286","Acacia minutifolia"
"287","Acacia minyura"
"288","Acacia mitodes"
"289","Acacia monticola"
"290","Acacia multispicata"
"291","Acacia mutabilis"
"292","Acacia mutabilis subsp. mutabilis"
"293","Acacia nematophylla"
"294","Acacia neorigida"
"295","Acacia newbeyi"
"296","Acacia nigripilosa"
"297","Acacia nitidula"
"298","Acacia nivea"
"299","Acacia nodiflora"
"300","Acacia nuperrima"
"301","Acacia obesa"
"302","Acacia obliquinervia"
"303","Acacia obtecta"
"304","Acacia obtusifolia"
"305","Acacia octonervia"
"306","Acacia oligoneura"
"307","Acacia ophiolithica"
"308","Acacia oraria"
"309","Acacia orbifolia"
"310","Acacia orites"
"311","Acacia oshanesii"
"312","Acacia oxyclada"
"313","Acacia pachypoda"
"314","Acacia papulosa"
"315","Acacia papyrocarpa"
"316","Acacia paraneura"
"317","Acacia patagiata"
"318","Acacia pelophila"
"319","Acacia penninervis var. longiracemosa"
"320","Acacia petraea"
"321","Acacia peuce"
"322","Acacia phaeocalyx"
"323","Acacia pharangites"
"324","Acacia phlebophylla"
"325","Acacia pinguiculosa"
"326","Acacia pinguifolia"
"327","Acacia plautella"
"328","Acacia poliochroa"
"329","Acacia polystachya"
"330","Acacia praelongata"
"331","Acacia praemorsa"
"332","Acacia praetermissa"
"333","Acacia prismifolia"
"334","Acacia pritzeliana"
"335","Acacia producta"
"336","Acacia profusa"
"337","Acacia proiantha"
"338","Acacia pruinocarpa"
"339","Acacia pterocaulon"
"340","Acacia ptychophylla"
"341","Acacia pulviniformis"
"342","Acacia puncticulata"
"343","Acacia pycnocephala"
"344","Acacia pygmaea"
"345","Acacia pyrifolia"
"346","Acacia quadrimarginea"
"347","Acacia quadrisulcata"
"348","Acacia quinquenervia"
"349","Acacia ramulosa var. ramulosa"
"350","Acacia recurvata"
"351","Acacia rendlei"
"352","Acacia repanda"
"353","Acacia resinosa"
"354","Acacia restiacea"
"355","Acacia rhamphophylla"
"356","Acacia rhetinocarpa"
"357","Acacia riceana"
"358","Acacia ridleyana"
"359","Acacia rigescens"
"360","Acacia rivalis"
"361","Acacia rossei"
"362","Acacia rostellata"
"363","Acacia rostellifera"
"364","Acacia rostriformis"
"365","Acacia ryaniana"
"366","Acacia sabulosa"
"367","Acacia saxatilis"
"368","Acacia saxicola"
"369","Acacia scalena"
"370","Acacia sciophanes"
"371","Acacia scleroclada"
"372","Acacia sclerophylla var. sclerophylla"
"373","Acacia semicircinalis"
"374","Acacia sericocarpa"
"375","Acacia sericophylla"
"376","Acacia serpentinicola"
"377","Acacia sessilispica"
"378","Acacia sibilans"
"379","Acacia sibina"
"380","Acacia sibirica"
"381","Acacia simmonsiana"
"382","Acacia simsii"
"383","Acacia singula"
"384","Acacia solenota"
"385","Acacia sorophylla"
"386","Acacia sp. El Sharana (N.B.Byrnes 1326)"
"387","Acacia spania"
"388","Acacia spathulifolia"
"389","Acacia sphacelata"
"390","Acacia sphacelata subsp. recurva"
"391","Acacia sphaerostachya"
"392","Acacia sphenophylla"
"393","Acacia spilleriana"
"394","Acacia spinescens"
"395","Acacia spinosissima"
"396","Acacia spirorbis subsp. solandri"
"397","Acacia splendens"
"398","Acacia spondylophylla"
"399","Acacia spongolitica"
"400","Acacia stanleyi"
"401","Acacia startii"
"402","Acacia stellaticeps"
"403","Acacia stigmatophylla"
"404","Acacia stipuligera"
"405","Acacia strongylophylla"
"406","Acacia subflexuosa subsp. capillata"
"407","Acacia sublanata"
"408","Acacia subracemosa"
"409","Acacia subrigida"
"410","Acacia subsessilis"
"411","Acacia subtessarogona"
"412","Acacia tarculensis"
"413","Acacia telmica"
"414","Acacia tenuior"
"415","Acacia tenuissima"
"416","Acacia terminalis subsp. Long inflorescences (P.G.Kodela 307)"
"417","Acacia tessellata"
"418","Acacia tetanophylla"
"419","Acacia tetragonophylla"
"420","Acacia tetraneura"
"421","Acacia tetraptera"
"422","Acacia tolmerensis"
"423","Acacia toondulya"
"424","Acacia torticarpa"
"425","Acacia tratmaniana"
"426","Acacia trigonophylla"
"427","Acacia triquetra"
"428","Acacia truculenta"
"429","Acacia trulliformis"
"430","Acacia tuberculata"
"431","Acacia ulicifolia"
"432","Acacia ulicina"
"433","Acacia uliginosa"
"434","Acacia uncinella"
"435","Acacia undosa"
"436","Acacia unifissilis"
"437","Acacia validinervia"
"438","Acacia vassalii"
"439","Acacia verticillata subsp. ruscifolia"
"440","Acacia victoriae subsp. arida"
"441","Acacia victoriae subsp. victoriae"
"442","Acacia vincentii"
"443","Acacia viscifolia"
"444","Acacia vittata"
"445","Acacia volubilis"
"446","Acacia warramaba"
"447","Acacia whibleyana"
"448","Acacia whitei"
"449","Acacia wilcoxii"
"450","Acacia wilsonii"
"451","Acacia wiseana"
"452","Acacia xanthocarpa"
"453","Acacia xerophila"
"454","Acacia yirrkallensis"
"455","Acaena sp. Thredbo River Gorge (L.A.S.Johnson & E.F.Constable s.n., 19 Jan 1951)"
"456","Acianthus collinus"
"457","Acianthus fornicatus"
"458","Aciphylla simplicifolia"
"459","Acrothamnus hookeri"
"460","Acrothamnus maccraei"
"461","Acrothamnus montanus"
"462","Acrotriche patula"
"463","Actephila petiolaris subsp. jagonis"
"464","Actinobole condensatum"
"465","Actinotus minor"
"466","Actites megalocarpus"
"467","Adansonia gregorii"
"468","Adenanthera abrosperma"
"469","Adenanthos forrestii"
"470","Adriana tomentosa"
"471","Adriana tomentosa var. hookeri"
"472","Aegialitis annulata"
"473","Aenictophyton reconditum"
"474","Agrostocrinum scabrum"
"475","Aidia gyropetala"
"476","Alangium sp. Claudie River (B.P.Hyland 2682RFK)"
"477","Albizia canescens"
"478","Albizia retusa"
"479","Albizia retusa subsp. retusa"
"480","Albizia sp. Windsor Tableland (B.Gray 2181)"
"481","Alectryon tropicus"
"482","Allocasuarina acuaria"
"483","Allocasuarina acutivalvis subsp. acutivalvis"
"484","Allocasuarina acutivalvis subsp. prinsepiana"
"485","Allocasuarina campestris"
"486","Allocasuarina corniculata"
"487","Allocasuarina decaisneana"
"488","Allocasuarina defungens"
"489","Allocasuarina dielsiana"
"490","Allocasuarina distyla"
"491","Allocasuarina drummondiana"
"492","Allocasuarina duncanii"
"493","Allocasuarina eriochlamys"
"494","Allocasuarina eriochlamys subsp. eriochlamys"
"495","Allocasuarina eriochlamys subsp. grossa"
"496","Allocasuarina fibrosa"
"497","Allocasuarina filidens"
"498","Allocasuarina globosa"
"499","Allocasuarina helmsii"
"500","Allocasuarina lehmanniana subsp. ecarinata"
"501","Allocasuarina mackliniana"
"502","Allocasuarina mackliniana subsp. xerophila"
"503","Allocasuarina microstachya"
"504","Allocasuarina monilifera"
"505","Allocasuarina muelleriana"
"506","Allocasuarina muelleriana subsp. alticola"
"507","Allocasuarina muelleriana subsp. muelleriana"
"508","Allocasuarina ophiolitica"
"509","Allocasuarina pinaster"
"510","Allocasuarina portuensis"
"511","Allocasuarina pusilla"
"512","Allocasuarina rigida"
"513","Allocasuarina rigida subsp. exsul"
"514","Allocasuarina rigida subsp. rigida"
"515","Allocasuarina scleroclada"
"516","Allocasuarina spinosissima"
"517","Allocasuarina thalassoscopica"
"518","Allocasuarina thuyoides"
"519","Allocasuarina tortiramula"
"520","Allocasuarina zephyrea"
"521","Allopterigeron filifolius"
"522","Almaleea capitata"
"523","Almaleea incurvata"
"524","Almaleea paludosa"
"525","Alstonia spectabilis subsp. ophioxyloides"
"526","Alysicarpus brownii"
"527","Alyxia buxifolia"
"528","Amaranthus grandiflorus"
"529","Ampelocissus frutescens"
"530","Amperea xiphoclada var. papillata"
"531","Amphipogon avenaceus"
"532","Amphipogon caricinus var. scaber"
"533","Amyema linophylla subsp. orientalis"
"534","Amyema melaleucae"
"535","Amyema miraculosa subsp. boormanii"
"536","Anarthria prolifera"
"537","Anarthria scabra"
"538","Androcalva tatei"
"539","Anemocarpa podolepidium"
"540","Angianthus conocephalus"
"541","Angianthus milnei"
"542","Angianthus tomentosus"
"543","Angophora bakeri"
"544","Angophora bakeri subsp. bakeri"
"545","Angophora bakeri subsp. crassifolia"
"546","Angophora costata subsp. costata"
"547","Angophora costata subsp. euryphylla"
"548","Angophora floribunda"
"549","Angophora robur"
"550","Anigozanthos humilis"
"551","Anisomeles inodora"
"552","Anthosachne rectiseta"
"553","Aotus lanea"
"554","Aotus passerinoides"
"555","Aotus phylicoides"
"556","Aotus prosacris"
"557","Aotus sp. Cunderdin (B.J.Lepschi et al. 3587)"
"558","Aotus sp. Diffusa (W.E.Blackall & C.A.Gardner 1739)"
"559","Aotus sp. Dundas (M.A.Burgman 2835)"
"560","Aotus sp. Esperance (P.G.Wilson 7904)"
"561","Aotus sp. Southern Wheatbelt (C.A.Gardner & W.E.Blackall 1412)"
"562","Aotus sp. Tortile (G.J.Keighery 3767)"
"563","Aotus sp. West River (M.D.Crisp 9336)"
"564","Aotus tietkensii"
"565","Aphyllodium biarticulatum"
"566","Aphyllodium latifolium"
"567","Aphyllodium schindleri"
"568","Aphyllodium stylosanthoides"
"569","Apluda mutica"
"570","Aponogeton queenslandicus"
"571","Arabidella filifolia"
"572","Arabidella glaucescens"
"573","Arabidella nasturtium"
"574","Araucaria bidwillii"
"575","Archidendron hendersonii"
"576","Archidendron hirsutum"
"577","Archidendron kanisii"
"578","Archidendron lovelliae"
"579","Archidendron lucyi"
"580","Archidendron muellerianum"
"581","Archidendron whitei"
"582","Archidendropsis basaltica"
"583","Archidendropsis xanthoxylon"
"584","Ardisia brevipedata"
"585","Argentipallium dealbatum"
"586","Aristida arida"
"587","Aristida burbidgeae"
"588","Aristida forsteri"
"589","Aristida kimberleyensis"
"590","Aristida latzii"
"591","Aristida macroclada"
"592","Aristida macroclada subsp. macroclada"
"593","Aristida macroclada subsp. queenslandica"
"594","Aristida utilis"
"595","Aristida utilis var. utilis"
"596","Arrhenechthites mixtus"
"597","Arthragrostis clarksoniana"
"598","Arthraxon castratus"
"599","Arundinella grevillensis"
"600","Arundinella montana"
"601","Arytera lineosquamulata"
"602","Asperula ambleia"
"603","Asperula charophyton"
"604","Asperula pusilla"
"605","Astelia alpina"
"606","Astelia alpina var. novae-hollandiae"
"607","Astelia psychrocharis"
"608","Asteridea athrixioides"
"609","Asterolasia asteriscophora"
"610","Asterolasia asteriscophora subsp. albiflora"
"611","Asterolasia asteriscophora subsp. asteriscophora"
"612","Asterotrichion discolor"
"613","Astrotricha latifolia"
"614","Astrotricha longifolia"
"615","Atalaya brevialata"
"616","Atherosperma moschatum subsp. moschatum"
"617","Atriplex acutibractea subsp. acutibractea"
"618","Atriplex acutibractea subsp. karoniensis"
"619","Atriplex cordifolia"
"620","Atriplex intermedia"
"621","Atriplex lindleyi subsp. inflata"
"622","Atriplex lindleyi subsp. lindleyi"
"623","Atriplex lindleyi subsp. quadripartita"
"624","Atriplex morrisii"
"625","Atriplex muelleri"
"626","Atriplex nummularia subsp. nummularia"
"627","Atriplex nummularia subsp. omissa"
"628","Atriplex paludosa subsp. cordata"
"629","Atriplex rhagodioides"
"630","Atriplex spongiosa"
"631","Atriplex turbinata"
"632","Atriplex vesicaria subsp. macrocystidia"
"633","Atriplex vesicaria subsp. minor"
"634","Atriplex vesicaria subsp. sphaerocarpa"
"635","Atriplex vesicaria subsp. variabilis"
"636","Atriplex vesicaria subsp. vesicaria"
"637","Auranticarpa resinosa"
"638","Australina pusilla"
"639","Australina pusilla subsp. pusilla"
"640","Austrochloris dichanthioides"
"641","Austrostipa aquarii"
"642","Austrostipa blakei"
"643","Austrostipa centralis"
"644","Austrostipa crinita"
"645","Austrostipa dongicola"
"646","Austrostipa echinata"
"647","Austrostipa feresetacea"
"648","Austrostipa geoffreyi"
"649","Austrostipa juncifolia"
"650","Austrostipa lanata"
"651","Austrostipa nullarborensis"
"652","Austrostipa plumigera"
"653","Austrostipa pycnostachya"
"654","Austrostipa vickeryana"
"655","Avicennia marina subsp. marina"
"656","Azorella fragosea"
"657","Backhousia gundarara"
"658","Backhousia tetraptera"
"659","Baeckea ericaea"
"660","Baeckea latifolia"
"661","Banksia fraseri"
"662","Banksia leptophylla var. melletica"
"663","Banksia neoanglica"
"664","Banksia paludosa subsp. paludosa"
"665","Banksia spinulosa var. collina"
"666","Banksia spinulosa var. spinulosa"
"667","Barklya syringifolia"
"668","Basilicum polystachyon"
"669","Bauhinia acuminata"
"670","Bauhinia binata"
"671","Bauhinia carronii"
"672","Bauhinia gilva"
"673","Bauhinia malabarica"
"674","Beaufortia micrantha"
"675","Bedfordia linearis"
"676","Bedfordia salicina"
"677","Beilschmiedia castrisinensis"
"678","Bertya cunninghamii subsp. cunninghamii"
"679","Bertya tasmanica"
"680","Bertya tasmanica subsp. vestita"
"681","Bertya tasmanica var. Typical variant (R.J.F.Henderson & G.Turpin H3277)"
"682","Berula erecta"
"683","Billardiera sericophora"
"684","Blennodia canescens"
"685","Blennospora drummondii"
"686","Blumea tenella"
"687","Boronia citrata"
"688","Boronia deanei subsp. acutifolia"
"689","Boronia gracilipes"
"690","Boronia inornata subsp. leptophylla"
"691","Boronia pilosa subsp. parvidaemonis"
"692","Borya mirabilis"
"693","Bossiaea alpina"
"694","Bossiaea arcuata"
"695","Bossiaea arenicola"
"696","Bossiaea arenitensis"
"697","Bossiaea armitii"
"698","Bossiaea atrata"
"699","Bossiaea aurantiaca"
"700","Bossiaea barbarae"
"701","Bossiaea barrettiorum"
"702","Bossiaea bossiaeoides"
"703","Bossiaea calcicola"
"704","Bossiaea celata"
"705","Bossiaea concinna"
"706","Bossiaea cordigera"
"707","Bossiaea cucullata"
"708","Bossiaea distichoclada"
"709","Bossiaea divaricata"
"710","Bossiaea eremaea"
"711","Bossiaea flexuosa"
"712","Bossiaea halophila"
"713","Bossiaea inundata"
"714","Bossiaea laxa"
"715","Bossiaea leptacantha"
"716","Bossiaea oxyclada"
"717","Bossiaea peduncularis"
"718","Bossiaea peninsularis"
"719","Bossiaea preissii"
"720","Bossiaea saxosa"
"721","Bossiaea sericea"
"722","Bossiaea simulata"
"723","Bossiaea smithiorum"
"724","Bossiaea spinescens"
"725","Bossiaea spinosa"
"726","Bossiaea webbii"
"727","Bossiaea zarae"
"728","Bothriochloa bunyensis"
"729","Brachyachne prostrata"
"730","Brachychiton albidus"
"731","Brachychiton chillagoensis"
"732","Brachychiton chrysocarpus"
"733","Brachychiton Wangi (S.E.Pickering 20)"
"734","Brachyloma ericoides subsp. ericoides"
"735","Brachyscome barkerae"
"736","Brachyscome ciliaris"
"737","Brachyscome cuneifolia"
"738","Brachyscome curvicarpa"
"739","Brachyscome debilis"
"740","Brachyscome dissectifolia"
"741","Brachyscome exilis"
"742","Brachyscome foliosa"
"743","Brachyscome formosa"
"744","Brachyscome goniocarpa"
"745","Brachyscome gracilis"
"746","Brachyscome iberidifolia"
"747","Brachyscome lineariloba"
"748","Brachyscome melanocarpa"
"749","Brachyscome microcarpa"
"750","Brachyscome muelleroides"
"751","Brachyscome multifida var. multifida"
"752","Brachyscome nivalis"
"753","Brachyscome obovata"
"754","Brachyscome paludicola"
"755","Brachyscome papillosa"
"756","Brachyscome radicans"
"757","Brachyscome readeri"
"758","Brachyscome smithwhitei"
"759","Brachyscome stolonifera"
"760","Brachyscome stuartii"
"761","Brachyscome tadgellii"
"762","Brachyscome tenuiscapa"
"763","Brachyscome trachycarpa"
"764","Brachyscome triloba"
"765","Brachyscome whitei"
"766","Brasenia schreberi"
"767","Brunoniella pumilio"
"768","Caesia parviflora var. minor"
"769","Cajanus aromaticus"
"770","Cajanus geminatus"
"771","Cajanus hirtopilosus"
"772","Cajanus lanceolatus"
"773","Cajanus mareebensis"
"774","Cajanus reticulatus"
"775","Cajanus viscidus"
"776","Caladenia aestiva"
"777","Caladenia alata"
"778","Caladenia amoena"
"779","Caladenia ampla"
"780","Caladenia ancylosa"
"781","Caladenia arenaria"
"782","Caladenia argocalla"
"783","Caladenia arrecta"
"784","Caladenia audasii"
"785","Caladenia aurantiaca"
"786","Caladenia australis"
"787","Caladenia brachyscapa"
"788","Caladenia calcicola"
"789","Caladenia clavescens"
"790","Caladenia cleistantha"
"791","Caladenia colorata"
"792","Caladenia concolor"
"793","Caladenia conferta"
"794","Caladenia congesta"
"795","Caladenia cremna"
"796","Caladenia cretacea"
"797","Caladenia cruciformis"
"798","Caladenia cucullata"
"799","Caladenia filamentosa"
"800","Caladenia formosa"
"801","Caladenia fragrantissima"
"802","Caladenia fulva"
"803","Caladenia grampiana"
"804","Caladenia hastata"
"805","Caladenia hildae"
"806","Caladenia huegelii"
"807","Caladenia insularis"
"808","Caladenia leptochila"
"809","Caladenia lowanensis"
"810","Caladenia magnifica"
"811","Caladenia maritima"
"812","Caladenia montana"
"813","Caladenia oreophila"
"814","Caladenia orientalis"
"815","Caladenia ornata"
"816","Caladenia osmera"
"817","Caladenia pallida"
"818","Caladenia peisleyi"
"819","Caladenia pilotensis"
"820","Caladenia prolata"
"821","Caladenia pumila"
"822","Caladenia reticulata"
"823","Caladenia rosella"
"824","Caladenia sp. aff. fragrantissima (Inverleigh)"
"825","Caladenia tensa"
"826","Caladenia tessellata"
"827","Caladenia thysanochila"
"828","Caladenia viridescens"
"829","Caladenia vulgaris"
"830","Caladenia x variabilis"
"831","Caladenia xanthochila"
"832","Caladenia xantholeuca"
"833","Caleana minor"
"834","Callistemon rugulosus"
"835","Callistemon teretifolius"
"836","Callistemon wimmerensis"
"837","Callitris endlicheri"
"838","Callitris intratropica"
"839","Calocephalus platycephalus"
"840","Calocephalus sonderi"
"841","Calochilus campestris"
"842","Calochilus herbaceus"
"843","Calochilus imberbis"
"844","Calochilus richiae"
"845","Calostemma luteum"
"846","Calostemma purpureum"
"847","Calotis cuneata"
"848","Calotis glandulosa"
"849","Calotis moorei"
"850","Calotis multicaulis"
"851","Calotis plumulifera"
"852","Calotis pubescens"
"853","Calyptochloa cylindrosperma"
"854","Calytrix brownii"
"855","Calytrix involucrata"
"856","Camptacra barbata"
"857","Cardamine astoniae"
"858","Cardamine gunnii"
"859","Cardamine microthrix"
"860","Cardamine papillata"
"861","Cardamine robusta"
"862","Cardamine tryssa"
"863","Carex breviscapa"
"864","Carex cryptostachys"
"865","Carex horsfieldii"
"866","Carex indica"
"867","Carex phacota"
"868","Carex rafflesiana"
"869","Carpobrotus virescens"
"870","Cassia marksiana"
"871","Cassia queenslandica"
"872","Cassia sp. Kalpowar (D.G.Fell+ DF2769)"
"873","Cassia sp. Paluma Range (G.Sankowsky+ 450)"
"874","Cassinia complanata"
"875","Cassinia monticola"
"876","Casuarina equisetifolia subsp. equisetifolia"
"877","Casuarina equisetifolia subsp. incana"
"878","Casuarina obesa"
"879","Casuarina pauper"
"880","Cathormion umbellatum"
"881","Cathormion umbellatum subsp. moniliforme"
"882","Celmisia asteliifolia"
"883","Celmisia costiniana"
"884","Celmisia latifolia"
"885","Celmisia longifolia"
"886","Celmisia pugioniformis"
"887","Celmisia sericophylla"
"888","Celmisia sp. Pulchella (M.Gray & C.Totterdell 7079)"
"889","Celmisia tomentella"
"890","Celtis hildebrandii"
"891","Cenchrus brevisetosus"
"892","Cenchrus elymoides"
"893","Cenchrus elymoides var. elymoides"
"894","Centipeda crateriformis"
"895","Centipeda pleiocephala"
"896","Centipeda racemosa"
"897","Centrolepis cephaloformis subsp. cephaloformis"
"898","Cephalipterum drummondii"
"899","Ceratogyne obionoides"
"900","Chamaecrista exigua"
"901","Chamaecrista symonii"
"902","Chamaeraphis hordeacea"
"903","Chamaescilla corymbosa var. corymbosa"
"904","Chamaescilla spiralis"
"905","Chamaexeros fimbriata"
"906","Chenopodium gaudichaudianum"
"907","Chiloglottis cornuta"
"908","Chiloglottis seminuda"
"909","Chiloglottis trilabra"
"910","Chloris divaricata var. cynodontoides"
"911","Choretrum chrysanthum"
"912","Chorizema circinale"
"913","Chorizema genistoides"
"914","Chorizema humile"
"915","Chorizema nervosum"
"916","Chorizema racemosum"
"917","Chorizema retrorsum"
"918","Chorizema rhynchotropis"
"919","Chorizema trigonum"
"920","Chorizema uncinatum"
"921","Chrysocephalum baxteri"
"922","Chrysocephalum eremaeum"
"923","Chrysocephalum vitellinum"
"924","Chrysopogon elongatus"
"925","Chrysopogon rigidus"
"926","Clausospicula extensa"
"927","Cleome oxalidea"
"928","Clerodendrum floribundum var. ovatum"
"929","Clerodendrum longiflorum"
"930","Clerodendrum tatei"
"931","Colobanthus affinis"
"932","Colobanthus curtisiae"
"933","Comesperma scoparium"
"934","Conostylis aculeata"
"935","Conostylis argentea"
"936","Conostylis juncea"
"937","Conostylis pusilla"
"938","Conostylis robusta"
"939","Conostylis setigera"
"940","Corchorus lasiocarpus"
"941","Corchorus olitorius"
"942","Corchorus tridens"
"943","Corchorus walcottii"
"944","Cordia aspera"
"945","Coronidium elatum subsp. elatum"
"946","Coronidium elatum subsp. minus"
"947","Correa backhouseana var. backhouseana"
"948","Correa backhouseana var. coriacea"
"949","Correa glabra var. turnbullii"
"950","Correa lawrenceana var. rosea"
"951","Correa pulchella"
"952","Correa reflexa var. lobata"
"953","Corunastylis despectans"
"954","Corymbia abbreviata"
"955","Corymbia abergiana"
"956","Corymbia aparrerinja"
"957","Corymbia arafurica"
"958","Corymbia arenaria"
"959","Corymbia arnhemensis"
"960","Corymbia aspera"
"961","Corymbia aureola"
"962","Corymbia bella"
"963","Corymbia blakei"
"964","Corymbia bloxsomei"
"965","Corymbia bunites"
"966","Corymbia cadophora subsp. cadophora"
"967","Corymbia cadophora subsp. pliantha"
"968","Corymbia candida"
"969","Corymbia chartacea"
"970","Corymbia chippendalei"
"971","Corymbia clandestina"
"972","Corymbia cliftoniana"
"973","Corymbia collina"
"974","Corymbia dendromerinx"
"975","Corymbia deserticola subsp. mesogeotica"
"976","Corymbia dunlopiana"
"977","Corymbia ellipsoidea"
"978","Corymbia eximia"
"979","Corymbia ferriticola"
"980","Corymbia ferruginea subsp. ferruginea"
"981","Corymbia ferruginea subsp. stypophylla"
"982","Corymbia flavescens"
"983","Corymbia gilbertensis"
"984","Corymbia grandifolia subsp. grandifolia"
"985","Corymbia grandifolia subsp. lamprocardia"
"986","Corymbia greeniana"
"987","Corymbia gummifera"
"988","Corymbia haematoxylon"
"989","Corymbia hamersleyana"
"990","Corymbia hendersonii"
"991","Corymbia hylandii"
"992","Corymbia jacobsiana"
"993","Corymbia kombolgiensis"
"994","Corymbia leichhardtii"
"995","Corymbia lenziana"
"996","Corymbia leptoloma"
"997","Corymbia ligans"
"998","Corymbia nesophila"
"999","Corymbia novoguinensis"
"1000","Corymbia oocarpa"
"1001","Corymbia pachycarpa"
"1002","Corymbia papillosa"
"1003","Corymbia pauciseta"
"1004","Corymbia peltata"
"1005","Corymbia petalophylla"
"1006","Corymbia plena"
"1007","Corymbia pocillum"
"1008","Corymbia polysciada"
"1009","Corymbia ptychocarpa subsp. aptycha"
"1010","Corymbia ptychocarpa subsp. ptychocarpa"
"1011","Corymbia rhodops"
"1012","Corymbia scabrida"
"1013","Corymbia serendipita"
"1014","Corymbia sp. Pentland Hills (P.I.Forster+ PIF16644)"
"1015","Corymbia sp. Prince Regent River (R.L.Barrett & M.D.Barrett RLB 3750)"
"1016","Corymbia sp. Springsure (M.I.Brooker 9786)"
"1017","Corymbia sp. Yampi Peninsula (R.L.Barrett & A.N.Start RLB 2280)"
"1018","Corymbia stockeri subsp. peninsularis"
"1019","Corymbia stockeri subsp. stockeri"
"1020","Corymbia torta"
"1021","Corymbia umbonata"
"1022","Corymbia watsoniana subsp. capillata"
"1023","Corymbia watsoniana subsp. watsoniana"
"1024","Corymbia xanthope"
"1025","Corymbia zygophylla"
"1026","Corynotheca micrantha var. divaricata"
"1027","Cotula cotuloides"
"1028","Craspedia adenophora"
"1029","Craspedia aurantia"
"1030","Craspedia costiniana"
"1031","Craspedia crocata"
"1032","Craspedia lamicola"
"1033","Craspedia leucantha"
"1034","Craspedia maxgrayi"
"1035","Craspedia sp. Subalpine (N.G.Walsh 5149)"
"1036","Crotalaria alata"
"1037","Crotalaria dissitiflora"
"1038","Crotalaria eremaea"
"1039","Crotalaria eremaea subsp. eremaea"
"1040","Crowea exalata subsp. revoluta"
"1041","Crudia abbreviata"
"1042","Crudia papuana"
"1043","Cryptandra campanulata"
"1044","Cryptandra magniflora"
"1045","Cryptandra propinqua subsp. propinqua"
"1046","Cryptandra sp. Floriferous (W.R.Barker 4131)"
"1047","Cryptostylis erecta"
"1048","Cryptostylis hunteriana"
"1049","Cullen badocanum"
"1050","Cullen lachnostachys"
"1051","Cullen leucochaites"
"1052","Cullen martinii"
"1053","Cullen pogonocarpum"
"1054","Cullen virens"
"1055","Cupaniopsis papillosa"
"1056","Cuphonotus andraeanus"
"1057","Cuphonotus humistratus"
"1058","Cycas armstrongii"
"1059","Cycnogeton alcockiae"
"1060","Cycnogeton rheophilum"
"1061","Cymbonotus lawsonianus"
"1062","Cymbonotus maidenii"
"1063","Cymbopogon dependens"
"1064","Cynodon dactylon var. dactylon"
"1065","Cynometra iripa"
"1066","Cynometra ramiflora"
"1067","Cyperochloa hirsuta"
"1068","Cyperus decompositus"
"1069","Cyperus malaccensis"
"1070","Cyphanthera albicans subsp. tomentosa"
"1071","Cyphanthera myosotidea"
"1072","Cyrtococcum patens"
"1073","Dalbergia candenatensis"
"1074","Dalbergia densa"
"1075","Dallwatsonia felliana"
"1076","Dampiera altissima"
"1077","Dampiera lanceolata var. lanceolata"
"1078","Dampiera lindleyi"
"1079","Dampiera pedunculata"
"1080","Daviesia abnormis"
"1081","Daviesia anceps"
"1082","Daviesia apiculata"
"1083","Daviesia arborea"
"1084","Daviesia argillacea"
"1085","Daviesia arthropoda"
"1086","Daviesia articulata"
"1087","Daviesia audax"
"1088","Daviesia benthamii subsp. acanthoclona"
"1089","Daviesia benthamii subsp. humilis"
"1090","Daviesia brachyphylla"
"1091","Daviesia bursarioides"
"1092","Daviesia campephylla"
"1093","Daviesia cardiophylla"
"1094","Daviesia crassa"
"1095","Daviesia crenulata"
"1096","Daviesia croniniana"
"1097","Daviesia cunderdin"
"1098","Daviesia daphnoides"
"1099","Daviesia dielsii"
"1100","Daviesia dilatata"
"1101","Daviesia elongata subsp. implexa"
"1102","Daviesia emarginata"
"1103","Daviesia eremaea"
"1104","Daviesia euryloba"
"1105","Daviesia flava"
"1106","Daviesia glossosema"
"1107","Daviesia grahamii"
"1108","Daviesia grossa"
"1109","Daviesia hakeoides"
"1110","Daviesia incrassata subsp. reversifolia"
"1111","Daviesia incrassata subsp. teres"
"1112","Daviesia intricata"
"1113","Daviesia lancifolia"
"1114","Daviesia laxiflora"
"1115","Daviesia lineata"
"1116","Daviesia megacalyx"
"1117","Daviesia microcarpa"
"1118","Daviesia mollis"
"1119","Daviesia nematophylla"
"1120","Daviesia newbeyi"
"1121","Daviesia nudiflora"
"1122","Daviesia obovata"
"1123","Daviesia oxyclada"
"1124","Daviesia oxylobium"
"1125","Daviesia pachyloma"
"1126","Daviesia pachyphylla"
"1127","Daviesia pauciflora"
"1128","Daviesia pectinata"
"1129","Daviesia pedunculata"
"1130","Daviesia pleurophylla"
"1131","Daviesia podophylla"
"1132","Daviesia pseudaphylla"
"1133","Daviesia purpurascens"
"1134","Daviesia quadrilatera"
"1135","Daviesia ramosissima"
"1136","Daviesia reclinata"
"1137","Daviesia retrorsa"
"1138","Daviesia rhizomata"
"1139","Daviesia rubiginosa"
"1140","Daviesia sarissa"
"1141","Daviesia sarissa subsp. sarissa"
"1142","Daviesia scoparia"
"1143","Daviesia smithiorum"
"1144","Daviesia sp. Subulata (T.R.Lally & B.J.Lepschi 1091)"
"1145","Daviesia speciosa"
"1146","Daviesia spiralis"
"1147","Daviesia striata"
"1148","Daviesia stricta"
"1149","Daviesia teretifolia"
"1150","Daviesia tortuosa"
"1151","Daviesia ulicifolia subsp. aridicola"
"1152","Daviesia umbonata"
"1153","Daviesia uncinata"
"1154","Daviesia uniflora"
"1155","Dendrolobium arbuscula"
"1156","Dendrolobium polyneurum"
"1157","Dendrolobium umbellatum"
"1158","Denhamia ferdinandii"
"1159","Deschampsia gracillima"
"1160","Desmocladus asper"
"1161","Desmocladus lateriflorus"
"1162","Desmocladus laxiflorus"
"1163","Desmodium filiforme"
"1164","Desmodium muelleri"
"1165","Desmodium tenax"
"1166","Desmodium velutinum"
"1167","Deyeuxia apsleyensis"
"1168","Deyeuxia parviseta var. parviseta"
"1169","Digitaria basaltica"
"1170","Digitaria cowiei"
"1171","Digitaria diminuta"
"1172","Digitaria dolleryi"
"1173","Digitaria fumida"
"1174","Digitaria lanceolata"
"1175","Digitaria oraria"
"1176","Digitaria sharpeana"
"1177","Digitaria stenostachya"
"1178","Digitaria veldkampiana"
"1179","Dillwynia acerosa"
"1180","Dillwynia divaricata"
"1181","Dillwynia elegans"
"1182","Dillwynia palustris"
"1183","Dillwynia sp. Barren Grounds (Chadwick s.n. NSW 39509)"
"1184","Dillwynia sp. Coolgardie (V.E.Sands 637.3.1)"
"1185","Dillwynia sp. Trichopoda (J.H.Maiden & J.L.Boorman s.n. 40290)"
"1186","Dillwynia uncinata"
"1187","Dinebra ligulata"
"1188","Dinebra southwoodii"
"1189","Diplaspis nivis"
"1190","Dissocarpus biflorus var. biflorus"
"1191","Diuris brevifolia"
"1192","Diuris cuneata"
"1193","Diuris daltonii"
"1194","Diuris dendrobioides"
"1195","Diuris gregaria"
"1196","Diuris lanceolata"
"1197","Diuris monticola"
"1198","Diuris palustris"
"1199","Diuris pedunculata"
"1200","Diuris protena"
"1201","Diuris sp. aff. dendrobioides (Bairnsdale)"
"1202","Diuris subalpina"
"1203","Diuris tricolor"
"1204","Dodonaea baueri"
"1205","Dodonaea hexandra"
"1206","Dodonaea humilis"
"1207","Dodonaea microzyga var. microzyga"
"1208","Dodonaea sinuolata subsp. acrodentata"
"1209","Dodonaea stenozyga"
"1210","Dodonaea subglandulifera"
"1211","Dodonaea triquetra"
"1212","Dodonaea viscosa subsp. angustissima"
"1213","Dodonaea viscosa subsp. viscosa"
"1214","Drosera andersoniana"
"1215","Drosera androsacea"
"1216","Drosera bulbosa"
"1217","Drosera burmanni"
"1218","Drosera derbyensis"
"1219","Drosera huegelii"
"1220","Drosera indica"
"1221","Drosera lanata"
"1222","Drosera moorei"
"1223","Drosera pallida"
"1224","Drosera petiolaris"
"1225","Drosera prostrata"
"1226","Drosera stolonifera"
"1227","Drymophila cyanocarpa"
"1228","Duboisia arenitensis"
"1229","Duma horrida subsp. horrida"
"1230","Dysphania rhadinostachya"
"1231","Dysphania simulans"
"1232","Ecdeiocolea monostachya"
"1233","Echinochloa macrandra"
"1234","Echinopogon caespitosus var. cunninghamii"
"1235","Echinopogon nutans var. nutans"
"1236","Ectrosia anomala"
"1237","Ectrosia blakei"
"1238","Ectrosia confusa"
"1239","Ectrosia gulliveri"
"1240","Ectrosia laxa"
"1241","Eidothea hardeniana"
"1242","Elachanthus glaber"
"1243","Elachanthus pusillus"
"1244","Elaeocarpus sp. Yeti Ridge (P.I.Forster+ PIF17330)"
"1245","Enchylaena tomentosa var. tomentosa"
"1246","Endiandra anthropophagorum"
"1247","Endiandra bellendenkerana"
"1248","Enneapogon decipiens"
"1249","Enneapogon eremophilus"
"1250","Entolasia minutifolia"
"1251","Epacris celata"
"1252","Epacris gunnii"
"1253","Epacris lanuginosa"
"1254","Epacris microphylla var. microphylla"
"1255","Epacris paludosa"
"1256","Epacris petrophila"
"1257","Epacris pulchella"
"1258","Epacris rhombifolia"
"1259","Eragrostiella bifaria"
"1260","Eragrostiella bifaria var. bifaria"
"1261","Eragrostis cassa"
"1262","Eragrostis crateriformis"
"1263","Eragrostis ecarinata"
"1264","Eragrostis fenshamii"
"1265","Eragrostis hirticaulis"
"1266","Eragrostis jerichoensis"
"1267","Eragrostis lanicaulis"
"1268","Eragrostis lanipes"
"1269","Eragrostis olida"
"1270","Eragrostis petraea"
"1271","Eragrostis potamophila"
"1272","Eremaea pauciflora"
"1273","Eremochloa ciliaris"
"1274","Eremophila crassifolia"
"1275","Eremophila divaricata subsp. callewatta"
"1276","Eremophila divaricata subsp. divaricata"
"1277","Eremophila gibbifolia"
"1278","Eremophila glabra subsp. glabra"
"1279","Eremophila glabra subsp. murrayana"
"1280","Eremophila latrobei subsp. glabra"
"1281","Eremophila latrobei subsp. latrobei"
"1282","Eremophila macdonnellii"
"1283","Eremophila maculata subsp. maculata"
"1284","Eremophila oppositifolia subsp. oppositifolia"
"1285","Eremophila subfloccosa subsp. glandulosa"
"1286","Eremophila willsii"
"1287","Eriachne agrostidea"
"1288","Eriachne basedowii"
"1289","Eriachne bleeseri"
"1290","Eriachne capillaris"
"1291","Eriachne compacta"
"1292","Eriachne fastigiata"
"1293","Eriachne festucacea"
"1294","Eriachne flaccida"
"1295","Eriachne gardneri"
"1296","Eriachne glandulosa"
"1297","Eriachne glauca"
"1298","Eriachne glauca var. barbinodis"
"1299","Eriachne glauca var. glauca"
"1300","Eriachne imbricata"
"1301","Eriachne lanata"
"1302","Eriachne major"
"1303","Eriachne minuta"
"1304","Eriachne nervosa"
"1305","Eriachne nodosa"
"1306","Eriachne ovata"
"1307","Eriachne pallescens var. gracilis"
"1308","Eriachne pallescens var. pallescens"
"1309","Eriachne schultziana"
"1310","Eriachne scleranthoides"
"1311","Eriachne semiciliata"
"1312","Eriachne sulcata"
"1313","Eriachne tenuiculmis"
"1314","Erichsenia uncinata"
"1315","Eriochlamys behrii"
"1316","Eriochlamys squamata"
"1317","Erodiophyllum elderi"
"1318","Erodium aureum"
"1319","Erythrina insularis"
"1320","Eucalyptus acaciiformis"
"1321","Eucalyptus accedens"
"1322","Eucalyptus acroleuca"
"1323","Eucalyptus alba var. australasica"
"1324","Eucalyptus alipes"
"1325","Eucalyptus alligatrix subsp. alligatrix"
"1326","Eucalyptus alligatrix subsp. miscella"
"1327","Eucalyptus ammophila"
"1328","Eucalyptus amplifolia"
"1329","Eucalyptus amplifolia subsp. amplifolia"
"1330","Eucalyptus amplifolia subsp. sessiliflora"
"1331","Eucalyptus ancophila"
"1332","Eucalyptus angophoroides"
"1333","Eucalyptus apodophylla"
"1334","Eucalyptus apothalassica"
"1335","Eucalyptus arachnaea subsp. arrecta"
"1336","Eucalyptus arborella"
"1337","Eucalyptus archeri"
"1338","Eucalyptus argillacea"
"1339","Eucalyptus atrata"
"1340","Eucalyptus badjensis"
"1341","Eucalyptus bancroftii"
"1342","Eucalyptus banksii"
"1343","Eucalyptus beaniana"
"1344","Eucalyptus benthamii"
"1345","Eucalyptus beyeriana"
"1346","Eucalyptus bigalerita"
"1347","Eucalyptus blaxlandii"
"1348","Eucalyptus bosistoana"
"1349","Eucalyptus brassiana"
"1350","Eucalyptus brevifolia"
"1351","Eucalyptus brevistylis"
"1352","Eucalyptus brockwayi"
"1353","Eucalyptus broviniensis"
"1354","Eucalyptus cadens"
"1355","Eucalyptus caleyi"
"1356","Eucalyptus caleyi subsp. caleyi"
"1357","Eucalyptus caleyi subsp. ovendenii"
"1358","Eucalyptus caliginosa"
"1359","Eucalyptus camaldulensis subsp. camaldulensis"
"1360","Eucalyptus camaldulensis subsp. simulata"
"1361","Eucalyptus cameronii"
"1362","Eucalyptus campanulata"
"1363","Eucalyptus campaspe"
"1364","Eucalyptus camphora subsp. camphora"
"1365","Eucalyptus camphora subsp. humeana"
"1366","Eucalyptus canaliculata"
"1367","Eucalyptus canobolensis"
"1368","Eucalyptus capitellata"
"1369","Eucalyptus carnei"
"1370","Eucalyptus cephalocarpa"
"1371","Eucalyptus ceracea"
"1372","Eucalyptus cernua"
"1373","Eucalyptus chapmaniana"
"1374","Eucalyptus chartaboma"
"1375","Eucalyptus chloroclada"
"1376","Eucalyptus chlorophylla"
"1377","Eucalyptus cinerea subsp. cinerea"
"1378","Eucalyptus cinerea subsp. triplex"
"1379","Eucalyptus clelandiorum"
"1380","Eucalyptus clivicola"
"1381","Eucalyptus confluens"
"1382","Eucalyptus conglomerata"
"1383","Eucalyptus conica"
"1384","Eucalyptus conspicua"
"1385","Eucalyptus cornuta"
"1386","Eucalyptus corticosa"
"1387","Eucalyptus corynodes"
"1388","Eucalyptus costuligera"
"1389","Eucalyptus cullenii"
"1390","Eucalyptus cupularis"
"1391","Eucalyptus dalrympleana subsp. dalrympleana"
"1392","Eucalyptus dalrympleana subsp. heptantha"
"1393","Eucalyptus dawsonii"
"1394","Eucalyptus dealbata"
"1395","Eucalyptus deanei"
"1396","Eucalyptus decolor"
"1397","Eucalyptus decorticans"
"1398","Eucalyptus delegatensis subsp. delegatensis"
"1399","Eucalyptus delicata"
"1400","Eucalyptus dendromorpha"
"1401","Eucalyptus denticulata"
"1402","Eucalyptus deuaensis"
"1403","Eucalyptus dielsii"
"1404","Eucalyptus diptera"
"1405","Eucalyptus distans"
"1406","Eucalyptus dolichorhyncha"
"1407","Eucalyptus dorrigoensis"
"1408","Eucalyptus dundasii"
"1409","Eucalyptus dunnii"
"1410","Eucalyptus dwyeri"
"1411","Eucalyptus educta"
"1412","Eucalyptus elliptica"
"1413","Eucalyptus eremophila"
"1414","Eucalyptus erythrocorys"
"1415","Eucalyptus exilipes"
"1416","Eucalyptus extensa"
"1417","Eucalyptus farinosa"
"1418","Eucalyptus fibrosa subsp. nubilis"
"1419","Eucalyptus fraseri subsp. fraseri"
"1420","Eucalyptus fraseri subsp. melanobasis"
"1421","Eucalyptus fraxinoides"
"1422","Eucalyptus fulgens"
"1423","Eucalyptus fusiformis"
"1424","Eucalyptus gigantangion"
"1425","Eucalyptus glaucescens"
"1426","Eucalyptus glaucina"
"1427","Eucalyptus globulus subsp. bicostata"
"1428","Eucalyptus globulus subsp. maidenii"
"1429","Eucalyptus globulus subsp. pseudoglobulus"
"1430","Eucalyptus glomericassis"
"1431","Eucalyptus gongylocarpa"
"1432","Eucalyptus goniocalyx subsp. goniocalyx"
"1433","Eucalyptus goniocarpa"
"1434","Eucalyptus granitica"
"1435","Eucalyptus gregoryensis"
"1436","Eucalyptus gregsoniana"
"1437","Eucalyptus grisea"
"1438","Eucalyptus haemastoma"
"1439","Eucalyptus hallii"
"1440","Eucalyptus houseana"
"1441","Eucalyptus howittiana"
"1442","Eucalyptus hypostomatica"
"1443","Eucalyptus imitans"
"1444","Eucalyptus interstans"
"1445","Eucalyptus jensenii"
"1446","Eucalyptus kartzoffiana"
"1447","Eucalyptus kenneallyi"
"1448","Eucalyptus koolpinensis"
"1449","Eucalyptus kumarlensis"
"1450","Eucalyptus laeliae"
"1451","Eucalyptus laevopinea"
"1452","Eucalyptus lane-poolei"
"1453","Eucalyptus largeana"
"1454","Eucalyptus largiflorens"
"1455","Eucalyptus latisinensis"
"1456","Eucalyptus leptophleba"
"1457","Eucalyptus lesouefii"
"1458","Eucalyptus leucophloia subsp. euroa"
"1459","Eucalyptus leucophloia subsp. leucophloia"
"1460","Eucalyptus leucophylla"
"1461","Eucalyptus leucoxylon subsp. leucoxylon"
"1462","Eucalyptus leucoxylon subsp. megalocarpa"
"1463","Eucalyptus leucoxylon subsp. pruinosa"
"1464","Eucalyptus leucoxylon subsp. stephaniae"
"1465","Eucalyptus lirata"
"1466","Eucalyptus litoralis"
"1467","Eucalyptus longicornis"
"1468","Eucalyptus longicornis"
"1469","Eucalyptus longifolia"
"1470","Eucalyptus longirostrata"
"1471","Eucalyptus loxophleba subsp. loxophleba"
"1472","Eucalyptus loxophleba subsp. supralaevis"
"1473","Eucalyptus mackintii"
"1474","Eucalyptus macrorhyncha subsp. cannonii"
"1475","Eucalyptus macrorhyncha subsp. macrorhyncha"
"1476","Eucalyptus magnificata"
"1477","Eucalyptus malacoxylon"
"1478","Eucalyptus mannensis subsp. mannensis"
"1479","Eucalyptus mannifera subsp. gullickii"
"1480","Eucalyptus mannifera subsp. mannifera"
"1481","Eucalyptus mannifera subsp. praecox"
"1482","Eucalyptus marginata subsp. marginata"
"1483","Eucalyptus marginata subsp. thalassica"
"1484","Eucalyptus mckieana"
"1485","Eucalyptus mediocris"
"1486","Eucalyptus megacornuta"
"1487","Eucalyptus melanoleuca"
"1488","Eucalyptus melanophitra"
"1489","Eucalyptus melanoxylon"
"1490","Eucalyptus michaeliana"
"1491","Eucalyptus microneura"
"1492","Eucalyptus microtheca"
"1493","Eucalyptus mitchelliana"
"1494","Eucalyptus moderata"
"1495","Eucalyptus mooreana"
"1496","Eucalyptus morrisbyi"
"1497","Eucalyptus neglecta"
"1498","Eucalyptus newbeyi"
"1499","Eucalyptus nitida"
"1500","Eucalyptus nobilis"
"1501","Eucalyptus normantonensis"
"1502","Eucalyptus nortonii"
"1503","Eucalyptus notabilis"
"1504","Eucalyptus nova-anglica"
"1505","Eucalyptus nutans"
"1506","Eucalyptus obconica"
"1507","Eucalyptus ochrophloia"
"1508","Eucalyptus odontocarpa"
"1509","Eucalyptus odorata"
"1510","Eucalyptus oligantha"
"1511","Eucalyptus ophitica"
"1512","Eucalyptus optima"
"1513","Eucalyptus ordiana"
"1514","Eucalyptus oreades"
"1515","Eucalyptus oreades"
"1516","Eucalyptus orgadophila"
"1517","Eucalyptus ornata"
"1518","Eucalyptus oxymitra"
"1519","Eucalyptus pachyphylla"
"1520","Eucalyptus paedoglauca"
"1521","Eucalyptus paliformis"
"1522","Eucalyptus paludicola"
"1523","Eucalyptus panda"
"1524","Eucalyptus pantoleuca"
"1525","Eucalyptus parramattensis subsp. decadens"
"1526","Eucalyptus parramattensis subsp. parramattensis"
"1527","Eucalyptus parvula"
"1528","Eucalyptus patens"
"1529","Eucalyptus pauciflora subsp. acerina"
"1530","Eucalyptus pauciflora subsp. debeuzevillei"
"1531","Eucalyptus pauciflora subsp. hedraia"
"1532","Eucalyptus pauciflora subsp. pauciflora"
"1533","Eucalyptus persistens"
"1534","Eucalyptus petiolaris"
"1535","Eucalyptus phoenicea"
"1536","Eucalyptus piperita"
"1537","Eucalyptus platyphylla"
"1538","Eucalyptus polyanthemos subsp. polyanthemos"
"1539","Eucalyptus polyanthemos subsp. vestita"
"1540","Eucalyptus praetermissa"
"1541","Eucalyptus prolixa"
"1542","Eucalyptus protensa"
"1543","Eucalyptus provecta"
"1544","Eucalyptus pruinosa subsp. pruinosa"
"1545","Eucalyptus pruinosa subsp. tenuata"
"1546","Eucalyptus psammitica"
"1547","Eucalyptus pterocarpa"
"1548","Eucalyptus pulchella"
"1549","Eucalyptus punctata"
"1550","Eucalyptus purpurata"
"1551","Eucalyptus pyrocarpa"
"1552","Eucalyptus quadrangulata"
"1553","Eucalyptus quadricostata"
"1554","Eucalyptus radiata subsp. radiata"
"1555","Eucalyptus radiata subsp. robertsonii"
"1556","Eucalyptus radiata subsp. sejuncta"
"1557","Eucalyptus raveretiana"
"1558","Eucalyptus ravida"
"1559","Eucalyptus recta"
"1560","Eucalyptus relicta"
"1561","Eucalyptus remota"
"1562","Eucalyptus resinifera subsp. hemilampra"
"1563","Eucalyptus resinifera subsp. resinifera"
"1564","Eucalyptus rhombica"
"1565","Eucalyptus rhomboidea"
"1566","Eucalyptus robusta"
"1567","Eucalyptus rodwayi"
"1568","Eucalyptus rossii"
"1569","Eucalyptus rubida subsp. barbigerorum"
"1570","Eucalyptus rubida subsp. rubida"
"1571","Eucalyptus rubiginosa"
"1572","Eucalyptus rudderi"
"1573","Eucalyptus rudis subsp. cratyantha"
"1574","Eucalyptus rudis subsp. rudis"
"1575","Eucalyptus rugulata"
"1576","Eucalyptus rummeryi"
"1577","Eucalyptus rupestris"
"1578","Eucalyptus sabulosa"
"1579","Eucalyptus salicola"
"1580","Eucalyptus sargentii subsp. sargentii"
"1581","Eucalyptus scias subsp. apoda"
"1582","Eucalyptus scias subsp. scias"
"1583","Eucalyptus scoparia"
"1584","Eucalyptus scopulorum"
"1585","Eucalyptus shirleyi"
"1586","Eucalyptus sicilifolia"
"1587","Eucalyptus singularis"
"1588","Eucalyptus sparsifolia"
"1589","Eucalyptus sphaerocarpa"
"1590","Eucalyptus spreta"
"1591","Eucalyptus squamosa"
"1592","Eucalyptus staeri"
"1593","Eucalyptus staigeriana"
"1594","Eucalyptus steedmanii"
"1595","Eucalyptus stenostoma"
"1596","Eucalyptus stoatei"
"1597","Eucalyptus striaticalyx"
"1598","Eucalyptus stricklandii"
"1599","Eucalyptus strzeleckii"
"1600","Eucalyptus suffulgens"
"1601","Eucalyptus tardecidens"
"1602","Eucalyptus taurina"
"1603","Eucalyptus tenella"
"1604","Eucalyptus tenuipes"
"1605","Eucalyptus tenuiramis"
"1606","Eucalyptus tenuis"
"1607","Eucalyptus terebra"
"1608","Eucalyptus tereticornis subsp. mediana"
"1609","Eucalyptus tereticornis subsp. tereticornis"
"1610","Eucalyptus terrica"
"1611","Eucalyptus tetrapleura"
"1612","Eucalyptus tholiformis"
"1613","Eucalyptus thozetiana"
"1614","Eucalyptus tintinnans"
"1615","Eucalyptus todtiana"
"1616","Eucalyptus torquata"
"1617","Eucalyptus tortilis"
"1618","Eucalyptus triflora"
"1619","Eucalyptus trivalva"
"1620","Eucalyptus umbrawarrensis"
"1621","Eucalyptus urna"
"1622","Eucalyptus valens"
"1623","Eucalyptus vesiculosa"
"1624","Eucalyptus victrix"
"1625","Eucalyptus viminalis subsp. cygnetensis"
"1626","Eucalyptus viminalis subsp. pryoriana"
"1627","Eucalyptus viminalis subsp. viminalis"
"1628","Eucalyptus virens"
"1629","Eucalyptus virginea"
"1630","Eucalyptus volcanica"
"1631","Eucalyptus wandoo subsp. pulverea"
"1632","Eucalyptus wandoo subsp. wandoo"
"1633","Eucalyptus whitei"
"1634","Eucalyptus wilcoxii"
"1635","Eucalyptus williamsiana"
"1636","Eucalyptus woodwardii"
"1637","Eucalyptus woollsiana"
"1638","Eucalyptus xerothermica"
"1639","Eucalyptus yarraensis"
"1640","Eucalyptus youmanii"
"1641","Euchiton traversii"
"1642","Eucryphia jinksii"
"1643","Euphorbia biconvexa"
"1644","Euphorbia mitchelliana"
"1645","Euphorbia mitchelliana var. filipes"
"1646","Euphorbia myrtoides"
"1647","Euphorbia schultzii"
"1648","Euphrasia alsa"
"1649","Euphrasia caudata"
"1650","Euphrasia lasianthera"
"1651","Euphrasia scabra"
"1652","Eupomatia barbata"
"1653","Eutaxia acanthoclada"
"1654","Eutaxia actinophylla"
"1655","Eutaxia andocada"
"1656","Eutaxia cuneata"
"1657","Eutaxia empetrifolia"
"1658","Eutaxia hirsuta"
"1659","Eutaxia inuncta"
"1660","Eutaxia lasiocalyx"
"1661","Eutaxia lasiophylla"
"1662","Eutaxia leptophylla"
"1663","Eutaxia lutea"
"1664","Eutaxia major"
"1665","Eutaxia nanophylla"
"1666","Eutaxia neurocalyx"
"1667","Eutaxia rubricarina"
"1668","Eutaxia sp. Jasper Hill (R.J.Cranfield 8607)"
"1669","Evolvulus alsinoides var. decumbens"
"1670","Evolvulus alsinoides var. villosicalyx"
"1671","Falcataria toona"
"1672","Festuca benthamiana"
"1673","Festuca plebeia"
"1674","Ficus rubiginosa"
"1675","Fimbristylis adjuncta"
"1676","Flemingia lineata"
"1677","Flemingia trifoliata"
"1678","Frankenia foliosa"
"1679","Frankenia pauciflora"
"1680","Frankenia pauciflora var. fruticulosa"
"1681","Frankenia pauciflora var. gunnii"
"1682","Frankenia sessilis"
"1683","Galium roddii"
"1684","Garcinia russellii"
"1685","Gardenia actinocarpa"
"1686","Garnotia stricta"
"1687","Garnotia stricta var. longiseta"
"1688","Gastrodia vescula"
"1689","Gastrolobium acrocaroli"
"1690","Gastrolobium aculeatum"
"1691","Gastrolobium appressum"
"1692","Gastrolobium bennettsianum"
"1693","Gastrolobium brevipes"
"1694","Gastrolobium callistachys"
"1695","Gastrolobium crassifolium"
"1696","Gastrolobium crenulatum"
"1697","Gastrolobium cruciatum"
"1698","Gastrolobium cyanophyllum"
"1699","Gastrolobium densifolium"
"1700","Gastrolobium diabolophyllum"
"1701","Gastrolobium discolor"
"1702","Gastrolobium dorrienii"
"1703","Gastrolobium effusum"
"1704","Gastrolobium elegans"
"1705","Gastrolobium euryphyllum"
"1706","Gastrolobium floribundum"
"1707","Gastrolobium glaucum"
"1708","Gastrolobium graniticum"
"1709","Gastrolobium hamulosum"
"1710","Gastrolobium hians"
"1711","Gastrolobium hookeri"
"1712","Gastrolobium humile"
"1713","Gastrolobium involutum"
"1714","Gastrolobium laytonii"
"1715","Gastrolobium lehmannii"
"1716","Gastrolobium luteifolium"
"1717","Gastrolobium melanocarpum"
"1718","Gastrolobium mondurup"
"1719","Gastrolobium musaceum"
"1720","Gastrolobium nutans"
"1721","Gastrolobium obovatum"
"1722","Gastrolobium oxylobioides"
"1723","Gastrolobium parviflorum"
"1724","Gastrolobium parvifolium"
"1725","Gastrolobium polystachyum"
"1726","Gastrolobium propinquum"
"1727","Gastrolobium pulchellum"
"1728","Gastrolobium punctatum"
"1729","Gastrolobium pycnostachyum"
"1730","Gastrolobium pyramidale"
"1731","Gastrolobium racemosum"
"1732","Gastrolobium reflexum"
"1733","Gastrolobium reticulatum"
"1734","Gastrolobium rhombifolium"
"1735","Gastrolobium rigidum"
"1736","Gastrolobium rotundifolium"
"1737","Gastrolobium rubrum"
"1738","Gastrolobium semiteres"
"1739","Gastrolobium spectabile"
"1740","Gastrolobium spinosum"
"1741","Gastrolobium stenophyllum"
"1742","Gastrolobium stipulare"
"1743","Gastrolobium stowardii"
"1744","Gastrolobium tenue"
"1745","Gastrolobium tergiversum"
"1746","Gastrolobium tetragonophyllum"
"1747","Gastrolobium triangulare"
"1748","Gastrolobium tricuspidatum"
"1749","Gastrolobium trilobum"
"1750","Gastrolobium venulosum"
"1751","Gastrolobium vestitum"
"1752","Gastrolobium wonganensis"
"1753","Gaultheria appressa"
"1754","Gaultheria hispida"
"1755","Gaultheria viridicarpa"
"1756","Genoplesium firthii"
"1757","Genoplesium plumosum"
"1758","Genoplesium tectum"
"1759","Gentianella diemensis"
"1760","Gentianella gunniana"
"1761","Gentianella muelleriana"
"1762","Gentianella muelleriana subsp. muelleriana"
"1763","Gentianella muelleriana subsp. willisiana"
"1764","Gentianella polysperes"
"1765","Geranium brevicaule"
"1766","Geranium neglectum"
"1767","Geranium obtusisepalum"
"1768","Geranium potentilloides var. potentilloides"
"1769","Germainia capitata"
"1770","Germainia truncatiglumis"
"1771","Gilruthia osbornei"
"1772","Gingidia algens"
"1773","Gingidia harveyana"
"1774","Glischrocaryon aureum"
"1775","Glochidion ferdinandi var. pubens"
"1776","Glossocardia bidens"
"1777","Glossodia minor"
"1778","Glycine falcata"
"1779","Gnephosis arachnoidea"
"1780","Gnephosis tenuissima"
"1781","Gompholobium baxteri"
"1782","Gompholobium cinereum"
"1783","Gompholobium glutinosum"
"1784","Gompholobium gompholobioides"
"1785","Gompholobium hendersonii"
"1786","Gompholobium karijini"
"1787","Gompholobium laxum"
"1788","Gompholobium muticum"
"1789","Gompholobium nitidum"
"1790","Gompholobium obcordatum"
"1791","Gompholobium oreophilum"
"1792","Gompholobium polyzygum"
"1793","Gompholobium roseum"
"1794","Gompholobium simplicifolium"
"1795","Gompholobium sp. Point Archer J.Wrigley+ NQ1301)"
"1796","Gompholobium subulatum"
"1797","Gompholobium viscidulum"
"1798","Gompholobium wonganense"
"1799","Gomphrena kanisii"
"1800","Gomphrena lanata"
"1801","Gomphrena leptoclada"
"1802","Gomphrena parviflora"
"1803","Gonocarpus chinensis"
"1804","Gonocarpus mezianus"
"1805","Gonocarpus micranthus subsp. ramosissimus"
"1806","Gonocarpus serpyllifolius"
"1807","Goodenia albiflora"
"1808","Goodenia armitiana"
"1809","Goodenia armstrongiana"
"1810","Goodenia berardiana"
"1811","Goodenia cusackiana"
"1812","Goodenia delicata"
"1813","Goodenia fascicularis"
"1814","Goodenia glauca"
"1815","Goodenia hederacea subsp. hederacea"
"1816","Goodenia hispida"
"1817","Goodenia lamprosperma"
"1818","Goodenia lineata"
"1819","Goodenia lunata"
"1820","Goodenia odonnellii"
"1821","Goodenia paniculata"
"1822","Goodenia prostrata"
"1823","Goodenia pusilliflora"
"1824","Goodenia robusta"
"1825","Goodenia strangfordii"
"1826","Goodenia triodiophila"
"1827","Goodenia vernicosa"
"1828","Goodenia vilmoriniae"
"1829","Goodenia willisiana"
"1830","Goodia macrocarpa"
"1831","Goodia pubescens"
"1832","Goodia stenocarpa"
"1833","Grammosolen dixonii"
"1834","Gratiola pedunculata"
"1835","Grevillea alpivaga"
"1836","Grevillea angustiloba subsp. angustiloba"
"1837","Grevillea aspera"
"1838","Grevillea burrowa"
"1839","Grevillea callichlaena"
"1840","Grevillea dryandri subsp. dasycarpa"
"1841","Grevillea formosa"
"1842","Grevillea humilis subsp. humilis"
"1843","Grevillea humilis subsp. maritima"
"1844","Grevillea ilicifolia subsp. ilicifolia"
"1845","Grevillea ilicifolia subsp. lobata"
"1846","Grevillea miqueliana"
"1847","Grevillea miqueliana subsp. cincta"
"1848","Grevillea monslacana"
"1849","Grevillea oxyantha"
"1850","Grevillea oxyantha subsp. ecarinata"
"1851","Grevillea rosmarinifolia subsp. glabella"
"1852","Grevillea victoriae subsp. nivalis"
"1853","Grevillea victoriae subsp. victoriae"
"1854","Grevillea wickhamii subsp. aprica"
"1855","Gymnostoma australianum"
"1856","Haeckeria punctulata"
"1857","Haemodorum brevicaule"
"1858","Haemodorum coccineum"
"1859","Hakea asperma"
"1860","Hakea incrassata"
"1861","Hakea mitchellii"
"1862","Hakea teretifolia"
"1863","Hakea teretifolia subsp. teretifolia"
"1864","Halgania cyanea"
"1865","Halgania cyanea var. Charleville (R.W.Purdie+ 111)"
"1866","Halgania lavandulacea"
"1867","Halophila australis"
"1868","Haloragis glauca"
"1869","Haloragis odontocarpa f. octoforma"
"1870","Haloragis odontocarpa f. pterocarpa"
"1871","Haloragis odontocarpa f. rugosa"
"1872","Hannafordia bissillii subsp. bissillii"
"1873","Hanslia ormocarpoides"
"1874","Harmsiodoxa blennodioides"
"1875","Harmsiodoxa brevipes var. brevipes"
"1876","Harmsiodoxa puberula"
"1877","Hedyotis auricularia var. melanesica"
"1878","Heliotropium brachygyne"
"1879","Heliotropium conocarpum"
"1880","Heliotropium moorei"
"1881","Heliotropium ovalifolium"
"1882","Heliotropium paniculatum"
"1883","Heterachne baileyi"
"1884","Heterachne gulliveri var. gulliveri"
"1885","Heterachne gulliveri var. major"
"1886","Hibbertia ancistrotricha"
"1887","Hibbertia appressa"
"1888","Hibbertia aspera subsp. aspera"
"1889","Hibbertia aspera subsp. pilosifolia"
"1890","Hibbertia cistiflora subsp. cistiflora"
"1891","Hibbertia devitata"
"1892","Hibbertia lepidota"
"1893","Hibbertia linearis var. floribunda"
"1894","Hibbertia serrata"
"1895","Hibbertia silvestris"
"1896","Hibiscus krichauffianus"
"1897","Hierochloe fraseri"
"1898","Holcolemma dispar"
"1899","Hovea acanthoclada"
"1900","Hovea arnhemica"
"1901","Hovea asperifolia subsp. asperifolia"
"1902","Hovea clavata"
"1903","Hovea densivellosa"
"1904","Hovea impressinerva"
"1905","Hovea nana"
"1906","Hovea nitida"
"1907","Hovea pedunculata"
"1908","Hovea ramulosa"
"1909","Hyalosperma cotula"
"1910","Hyalosperma glutinosum"
"1911","Hyalosperma glutinosum subsp. glutinosum"
"1912","Hyalosperma praecox"
"1913","Hyalosperma semisterile"
"1914","Hyalosperma stoveae"
"1915","Hydrocotyle diantha"
"1916","Hydrocotyle medicaginoides"
"1917","Hydrocotyle muscosa"
"1918","Hydrocotyle pilifera var. glabrata"
"1919","Hydrocotyle plebeya"
"1920","Hydrocotyle pterocarpa"
"1921","Hydrocotyle rugulosa"
"1922","Hygrochloa cravenii"
"1923","Hypolytrum compactum"
"1924","Hypoxis exilis"
"1925","Hypoxis hygrometrica var. hygrometrica"
"1926","Hypoxis hygrometrica var. splendida"
"1927","Hypoxis hygrometrica var. villosisepala"
"1928","Hypoxis pratensis var. tuberculata"
"1929","Hysterobaeckea behrii"
"1930","Indigofera ammobia"
"1931","Indigofera bancroftii"
"1932","Indigofera basedowii"
"1933","Indigofera boviperda"
"1934","Indigofera chamaeclada"
"1935","Indigofera cuspidata"
"1936","Indigofera decipiens"
"1937","Indigofera eriophylla"
"1938","Indigofera ewartiana"
"1939","Indigofera georgei"
"1940","Indigofera gilesii"
"1941","Indigofera haematica"
"1942","Indigofera haplophylla"
"1943","Indigofera ixocarpa"
"1944","Indigofera kingiana"
"1945","Indigofera monophylla"
"1946","Indigofera occidentalis"
"1947","Indigofera oxyrachis"
"1948","Indigofera polygaloides"
"1949","Indigofera pratensis"
"1950","Indigofera psammophila"
"1951","Indigofera rugosa"
"1952","Indigofera sp. A Kimberley Flora (G.J.Keighery & N.Gibson 70)"
"1953","Indigofera verruculosa"
"1954","Indigofera warburtonensis"
"1955","Isachne myosotis"
"1956","Ischaemum albovillosum"
"1957","Ischaemum australe var. arundinaceum"
"1958","Ischaemum australe var. australe"
"1959","Ischaemum australe var. villosum"
"1960","Ischaemum barbatum"
"1961","Ischaemum polystachyum"
"1962","Ischaemum rugosum var. rugosum"
"1963","Ischaemum rugosum var. segetum"
"1964","Iseilema dolichotrichum"
"1965","Iseilema eremaeum"
"1966","Iseilema holmesii"
"1967","Iseilema trichopus"
"1968","Isopogon anemonifolius"
"1969","Isotoma axillaris"
"1970","Isotropis atropurpurea"
"1971","Isotropis browniae"
"1972","Isotropis canescens"
"1973","Isotropis centralis"
"1974","Isotropis drummondii"
"1975","Isotropis filicaulis"
"1976","Isotropis forrestii"
"1977","Isotropis juncea"
"1978","Isotropis sp. Shark Bay (M.E.Trudgen 7170)"
"1979","Isotropis wheeleri"
"1980","Isotropis winneckei"
"1981","Ixiochlamys nana"
"1982","Jacksonia acicularis"
"1983","Jacksonia aculeata"
"1984","Jacksonia angulata"
"1985","Jacksonia arenicola"
"1986","Jacksonia argentea"
"1987","Jacksonia arida"
"1988","Jacksonia arnhemica"
"1989","Jacksonia calycina"
"1990","Jacksonia chappilliae"
"1991","Jacksonia compressa"
"1992","Jacksonia condensata"
"1993","Jacksonia cupulifera"
"1994","Jacksonia debilis"
"1995","Jacksonia dendrospinosa"
"1996","Jacksonia dilatata"
"1997","Jacksonia divisa"
"1998","Jacksonia effusa"
"1999","Jacksonia elongata"
"2000","Jacksonia epiphyllum"
"2001","Jacksonia eremodendron"
"2002","Jacksonia fasciculata"
"2003","Jacksonia flexuosa"
"2004","Jacksonia foliosa"
"2005","Jacksonia hakeoides"
"2006","Jacksonia humilis"
"2007","Jacksonia intricata"
"2008","Jacksonia jackson"
"2009","Jacksonia lanicarpa"
"2010","Jacksonia macrocalyx"
"2011","Jacksonia nematoclada"
"2012","Jacksonia pendens"
"2013","Jacksonia pungens"
"2014","Jacksonia quairading"
"2015","Jacksonia racemosa"
"2016","Jacksonia ramulosa"
"2017","Jacksonia reclinata"
"2018","Jacksonia remota"
"2019","Jacksonia rhadinoclada"
"2020","Jacksonia rigida"
"2021","Jacksonia rubra"
"2022","Jacksonia rupestris"
"2023","Jacksonia spicata"
"2024","Jacksonia stellaris"
"2025","Jacksonia sternbergiana"
"2026","Jacksonia tarinensis"
"2027","Jacksonia thesioides"
"2028","Jacksonia velutina"
"2029","Jagera javanica"
"2030","Kennedia prorepens"
"2031","Korthalsella japonica"
"2032","Korthalsella rubra subsp. rubra"
"2033","Kunzea leptospermoides"
"2034","Kunzea peduncularis"
"2035","Labichea buettneriana"
"2036","Labichea cassioides"
"2037","Labichea cassioides"
"2038","Labichea eremaea"
"2039","Labichea nitida"
"2040","Labichea obtrullata"
"2041","Labichea rossii"
"2042","Labichea saxicola"
"2043","Labichea stellata"
"2044","Labichea teretifolia"
"2045","Labichea teretifolia subsp. grandistipulata"
"2046","Labichea teretifolia subsp. teretifolia"
"2047","Lachnagrostis plebeia"
"2048","Lachnagrostis punicea"
"2049","Lamprolobium fruticosum"
"2050","Lasianthus chlorocarpus"
"2051","Lasiopetalum behrii"
"2052","Lasiopetalum discolor"
"2053","Lasiopetalum floribundum"
"2054","Latrobea colophona"
"2055","Latrobea hirtella"
"2056","Latrobea pinnaculum"
"2057","Laxmannia gracilis"
"2058","Laxmannia sessiliflora"
"2059","Leiocarpa leptolepis"
"2060","Leiocarpa semicalva subsp. semicalva"
"2061","Leiocarpa websteri"
"2062","Leionema bilobum subsp. serrulatum"
"2063","Leionema microphyllum"
"2064","Lepiderema sp. Impulse Creek (A.B.Pollock 73)"
"2065","Lepidium aschersonii"
"2066","Lepidium hypenantion"
"2067","Lepidium monoplocoides"
"2068","Lepidium oxytrichum"
"2069","Lepidium papillosum"
"2070","Lepidium peregrinum"
"2071","Lepidium sagittulatum"
"2072","Lepidobolus preissianus"
"2073","Lepidosperma rigidulum"
"2074","Lepidosperma sanguinolentum"
"2075","Leptecophylla juniperina subsp. juniperina"
"2076","Leptorhynchos elongatus"
"2077","Leptorhynchos orientalis"
"2078","Leptorhynchos scaber"
"2079","Leptorhynchos tetrachaetus"
"2080","Leptosema aculeatum"
"2081","Leptosema anomalum"
"2082","Leptosema aphyllum"
"2083","Leptosema bossiaeoides"
"2084","Leptosema cervicorne"
"2085","Leptosema chambersii"
"2086","Leptosema daviesioides"
"2087","Leptosema macrocarpum"
"2088","Leptosema tomentosum"
"2089","Leptosema uniflorum"
"2090","Leptosema villosum"
"2091","Leptospermum erubescens"
"2092","Leptospermum glaucescens"
"2093","Leptospermum nitidum"
"2094","Leptospermum polygalifolium subsp. montanum"
"2095","Lepturus geminatus"
"2096","Lepyrodia cryptica"
"2097","Leucochrysum graminifolium"
"2098","Leucochrysum stipitatum"
"2099","Leucopogon collinus"
"2100","Leucopogon cordifolius"
"2101","Leucopogon costatus"
"2102","Leucopogon esquamatus"
"2103","Leucopogon gelidus"
"2104","Leucopogon microphyllus var. microphyllus"
"2105","Leucopogon pilifer"
"2106","Leucopogon pimeleoides"
"2107","Leucopogon setiger"
"2108","Leucopogon woodsii"
"2109","Limonium australe"
"2110","Livistona eastonii"
"2111","Livistona lorophylla"
"2112","Livistona victoriae"
"2113","Lobelia browniana"
"2114","Lobelia dentata"
"2115","Lobelia douglasiana"
"2116","Lobelia gelida"
"2117","Lobelia simplicicaulis"
"2118","Logania linifolia"
"2119","Logania saxatilis"
"2120","Lomandra caespitosa"
"2121","Lomandra sonderi"
"2122","Lomandra suaveolens"
"2123","Lomandra tropica"
"2124","Lotus australis"
"2125","Loxocarya striata"
"2126","Lyginia imberbis"
"2127","Lythrum paradoxum"
"2128","Maireana astrotricha"
"2129","Maireana cheelii"
"2130","Maireana erioclada"
"2131","Maireana excavata"
"2132","Maireana humillima"
"2133","Maireana microcarpa"
"2134","Maireana oppositifolia"
"2135","Maireana pyramidata"
"2136","Maireana radiata"
"2137","Maireana schistocarpa"
"2138","Maireana scleroptera"
"2139","Maireana spongiocarpa"
"2140","Maireana tomentosa"
"2141","Maireana trichoptera"
"2142","Mapania macrocephala"
"2143","Medicosma obovata"
"2144","Melaleuca acuminata subsp. acuminata"
"2145","Melaleuca leuropoma"
"2146","Melaleuca pauperiflora subsp. mutica"
"2147","Melaleuca polycephala"
"2148","Melaleuca radula"
"2149","Melaleuca wilsonii"
"2150","Menkea crassa"
"2151","Mesua larnachiana"
"2152","Micraira adamsii"
"2153","Micraira brevis"
"2154","Micraira compacta"
"2155","Micraira dentata"
"2156","Micraira dunlopii"
"2157","Micraira inserta"
"2158","Micraira lazaridis"
"2159","Micraira multinervia"
"2160","Micraira pungens"
"2161","Micraira spiciforma"
"2162","Micraira spinifera"
"2163","Micraira subspicata"
"2164","Micraira tenuis"
"2165","Micraira viscidula"
"2166","Microchloa indica"
"2167","Microcybe multiflora subsp. baccharoides"
"2168","Microcybe multiflora subsp. multiflora"
"2169","Microcybe pauciflora subsp. pauciflora"
"2170","Microlaena stipoides var. breviseta"
"2171","Microlaena tasmanica"
"2172","Microlepidium pilosulum"
"2173","Microtidium atratum"
"2174","Millettia pinnata"
"2175","Millotia greevesii"
"2176","Millotia macrocarpa"
"2177","Millotia myosotidifolia"
"2178","Mirbelia balsiformis"
"2179","Mirbelia corallina"
"2180","Mirbelia densiflora"
"2181","Mirbelia depressa"
"2182","Mirbelia ferricola"
"2183","Mirbelia floribunda"
"2184","Mirbelia granitica"
"2185","Mirbelia longifolia"
"2186","Mirbelia microphylla"
"2187","Mirbelia multicaulis"
"2188","Mirbelia ovata"
"2189","Mirbelia ramulosa"
"2190","Mirbelia rhagodioides"
"2191","Mirbelia seorsifolia"
"2192","Mirbelia sp. Bursarioides (T..Lally 760)"
"2193","Mirbelia sp. Carnarvon (J.S.Beard 6008)"
"2194","Mirbelia sp. Cordifolia (C.A.Gardner 2712)"
"2195","Mirbelia sp. hooked keel (M.D.Crisp 8519 & W.Keys)"
"2196","Mirbelia sp. Magentea (T.E.H.Aplin 5976)"
"2197","Mirbelia sp. Mt Heywood (T.E.H.Aplin 4154)"
"2198","Mirbelia sp. Ternata (M.D.Crisp & L.G.Cook MDC 9267)"
"2199","Mirbelia sp. Zuytdorp (G.J.Keighery & N.Gibson 1688)"
"2200","Mirbelia spinosa"
"2201","Mirbelia stipitata"
"2202","Mirbelia subcordata"
"2203","Mirbelia taxifolia"
"2204","Mirbelia trichocalyx"
"2205","Mitrasacme polymorpha"
"2206","Mollugo verticillata"
"2207","Monochoria hastata"
"2208","Monotoca oreophila"
"2209","Mullerochloa moreheadiana"
"2210","Murdannia graminea"
"2211","Myoporum boninense"
"2212","Myoporum boninense subsp. australe"
"2213","Myoporum brevipes"
"2214","Myosurus australis"
"2215","Myriophyllum porcatum"
"2216","Neololeba atra"
"2217","Neptunia dimorphantha"
"2218","Neptunia monosperma"
"2219","Neurachne lanigera"
"2220","Neurachne queenslandica"
"2221","Neurachne tenuifolia"
"2222","Noahdendron nicholasii"
"2223","Oldenlandia mitrasacmoides"
"2224","Olearia brachyphylla"
"2225","Olearia brevipedunculata"
"2226","Olearia ciliata"
"2227","Olearia frostii"
"2228","Olearia pannosa subsp. cardiophylla"
"2229","Olearia pannosa subsp. pannosa"
"2230","Olearia phlogopappa subsp. flavescens"
"2231","Olearia phlogopappa subsp. phlogopappa"
"2232","Olearia phlogopappa subsp. subrepanda"
"2233","Olearia picridifolia"
"2234","Olearia rugosa subsp. allenderae"
"2235","Omphalolappula concava"
"2236","Opercularia diphylla"
"2237","Ornduffia umbricola var. umbricola"
"2238","Orobanche cernua"
"2239","Osteocarpum salsuginosum"
"2240","Owenia acidula"
"2241","Owenia vernicosa"
"2242","Oxalis rubens"
"2243","Oxalis thompsoniae"
"2244","Oxylobium robustum"
"2245","Ozothamnus cupressoides"
"2246","Ozothamnus decurrens"
"2247","Ozothamnus pholidotus"
"2248","Ozothamnus retusus"
"2249","Ozothamnus rodwayi"
"2250","Ozothamnus rogersianus"
"2251","Pachymitus cardaminoides"
"2252","Pandanus rheophilus"
"2253","Panicum latzii"
"2254","Panicum luzonense"
"2255","Panicum queenslandicum var. acuminatum"
"2256","Panicum seminudum var. cairnsianum"
"2257","Panicum seminudum var. seminudum"
"2258","Pappochroma gunnii"
"2259","Pappochroma paludicola"
"2260","Pappochroma pappocromum"
"2261","Pappochroma tasmanicum"
"2262","Pararchidendron pruinosum var. pruinosum"
"2263","Paspalidium grandispiculatum"
"2264","Paspalidium tabulatum"
"2265","Paspalum multinodum"
"2266","Patersonia drummondii"
"2267","Patersonia rudis"
"2268","Patersonia umbrosa"
"2269","Pauridia glabella var. glabella"
"2270","Pauridia vaginata var. vaginata"
"2271","Pelargonium littorale"
"2272","Peltophorum pterocarpum"
"2273","Pentalepis ecliptoides"
"2274","Pentapogon quadrifidus var. quadrifidus"
"2275","Persoonia arborea"
"2276","Petalostylis cassioides"
"2277","Petrophile shirleyae"
"2278","Phebalium bullatum"
"2279","Phebalium festivum"
"2280","Phebalium glandulosum subsp. macrocalyx"
"2281","Phebalium lowanense"
"2282","Phebalium squamulosum subsp. alpinum"
"2283","Phebalium squamulosum subsp. argenteum"
"2284","Phebalium squamulosum subsp. ozothamnoides"
"2285","Phebalium squamulosum subsp. parvifolium"
"2286","Phebalium verrucosum"
"2287","Philotheca angustifolia"
"2288","Philotheca angustifolia subsp. angustifolia"
"2289","Philotheca difformis subsp. smithiana"
"2290","Philotheca myoporoides subsp. acuta"
"2291","Philotheca obovatifolia"
"2292","Philotheca pungens"
"2293","Philotheca scabra"
"2294","Phlegmatospermum cochlearinum"
"2295","Phlegmatospermum eremaeum"
"2296","Phyla nodiflora"
"2297","Phyllanthus flagellaris"
"2298","Phyllanthus fuernrohrii"
"2299","Phyllanthus saxosus"
"2300","Phyllodium hackeri"
"2301","Phyllodium pulchellum"
"2302","Phyllota diffusa"
"2303","Phyllota humilis"
"2304","Phyllota luehmannii"
"2305","Phyllota remota"
"2306","Pilidiostigma tetramerum"
"2307","Pimelea axiflora subsp. alpina"
"2308","Pimelea curviflora var. curviflora"
"2309","Pimelea drupacea"
"2310","Pimelea elongata"
"2311","Pimelea flava subsp. dichotoma"
"2312","Pimelea ligustrina subsp. ciliata"
"2313","Pimelea ligustrina subsp. hypericina"
"2314","Pimelea ligustrina subsp. ligustrina"
"2315","Pimelea linifolia subsp. caesia"
"2316","Pimelea linifolia subsp. linoides"
"2317","Pimelea micrantha"
"2318","Pimelea spinescens subsp. pubiflora"
"2319","Pimelea williamsonii"
"2320","Plagiocarpus arnhemicus"
"2321","Plagiocarpus axillaris"
"2322","Plagiocarpus conduplicatus"
"2323","Plagiocarpus dispermus"
"2324","Plagiocarpus lanatus"
"2325","Plagiocarpus longiflorus"
"2326","Planchonella sp. Mt. Lewis (B.Hyland 14048)"
"2327","Planchonella xylocarpa"
"2328","Planchonia rupestris"
"2329","Plantago alpestris"
"2330","Plantago antarctica"
"2331","Plantago cunninghamii"
"2332","Plantago euryphylla"
"2333","Plantago glacialis"
"2334","Plantago muelleri"
"2335","Plantago turrifera"
"2336","Platylobium montanum"
"2337","Platylobium reflexum"
"2338","Poa gunnii"
"2339","Poa hothamensis var. hothamensis"
"2340","Poa hothamensis var. parviflora"
"2341","Poa jugicola"
"2342","Poa labillardierei var. acris"
"2343","Poa mollis"
"2344","Poa poiformis var. ramifer"
"2345","Poa sieberiana var. hirtella"
"2346","Podolepis lessonii"
"2347","Podolepis muelleri"
"2348","Podolepis tepperi"
"2349","Podotheca angustifolia"
"2350","Podotheca gnaphalioides"
"2351","Polycalymma stuartii"
"2352","Polycarpaea holtzei"
"2353","Polygala isingii"
"2354","Polyscias sambucifolia subsp. Long leaflets (P.G.Neish 208)"
"2355","Polyscias sambucifolia subsp. Short leaflets (V.Stajsic 196)"
"2356","Pomaderris apetala subsp. apetala"
"2357","Pomaderris helianthemifolia subsp. minor"
"2358","Pomaderris ligustrina subsp. latifolia"
"2359","Pomaderris ligustrina subsp. ligustrina"
"2360","Pomaderris obcordata"
"2361","Pomaderris paniculosa subsp. paniculosa"
"2362","Pomaderris subplicata"
"2363","Pomaderris vacciniifolia"
"2364","Poranthera leiosperma"
"2365","Poranthera triandra"
"2366","Portulaca digyna"
"2367","Portulaca oligosperma"
"2368","Potamogeton australiensis"
"2369","Potamogeton cheesemanii"
"2370","Prasophyllum affine"
"2371","Prasophyllum asinantum"
"2372","Prasophyllum barnettii"
"2373","Prasophyllum correctum"
"2374","Prasophyllum erythrocommum"
"2375","Prasophyllum gilgai"
"2376","Prasophyllum hygrophilum"
"2377","Prasophyllum lindleyanum"
"2378","Prasophyllum litorale"
"2379","Prasophyllum maccannii"
"2380","Prasophyllum morganii"
"2381","Prasophyllum niphopedium"
"2382","Prasophyllum olidum"
"2383","Prasophyllum pallidum"
"2384","Prasophyllum parviflorum"
"2385","Prasophyllum readii"
"2386","Prasophyllum retroflexum"
"2387","Prasophyllum sp. aff. fitzgeraldii C"
"2388","Prasophyllum sp. aff. occidentale C"
"2389","Prasophyllum sphacelatum"
"2390","Prasophyllum suaveolens"
"2391","Prasophyllum subbisectum"
"2392","Prasophyllum suttonii"
"2393","Prasophyllum sylvestre"
"2394","Prasophyllum tadgellianum"
"2395","Prasophyllum uvidulum"
"2396","Prasophyllum validum"
"2397","Prasophyllum viretrum"
"2398","Prostanthera arapilensis"
"2399","Prostanthera behriana"
"2400","Prostanthera eurybioides"
"2401","Prostanthera sejuncta"
"2402","Prostanthera serpyllifolia subsp. microphylla"
"2403","Pseudoraphis minuta"
"2404","Pseuduvaria mulgraveana"
"2405","Psychrophila introloba"
"2406","Pterochaeta paniculata"
"2407","Pterostylis aciculiformis"
"2408","Pterostylis aestiva"
"2409","Pterostylis agrestis"
"2410","Pterostylis alveata"
"2411","Pterostylis atriola"
"2412","Pterostylis baptistii"
"2413","Pterostylis bicolor"
"2414","Pterostylis bryophila"
"2415","Pterostylis cheraphila"
"2416","Pterostylis cobarensis"
"2417","Pterostylis coccina"
"2418","Pterostylis conferta"
"2419","Pterostylis crebra"
"2420","Pterostylis cucullata"
"2421","Pterostylis despectans"
"2422","Pterostylis dolichochila"
"2423","Pterostylis ferruginea"
"2424","Pterostylis fischii"
"2425","Pterostylis foliata"
"2426","Pterostylis fuliginosa"
"2427","Pterostylis grandiflora"
"2428","Pterostylis hamata"
"2429","Pterostylis laxa"
"2430","Pterostylis lustra"
"2431","Pterostylis maxima"
"2432","Pterostylis pedoglossa"
"2433","Pterostylis planulata"
"2434","Pterostylis reflexa"
"2435","Pterostylis saxicola"
"2436","Pterostylis setifera"
"2437","Pterostylis tasmanica"
"2438","Pterostylis tenuissima"
"2439","Pterostylis truncata"
"2440","Pterostylis tunstallii"
"2441","Pterostylis valida"
"2442","Pterostylis virens"
"2443","Pterostylis woollsii"
"2444","Pterostylis xerophila"
"2445","Ptilotus carinatus"
"2446","Ptilotus corymbosus"
"2447","Ptilotus erubescens"
"2448","Ptilotus gaudichaudii"
"2449","Ptilotus gaudichaudii subsp. gaudichaudii"
"2450","Ptilotus gaudichaudii subsp. parviflorus"
"2451","Ptilotus gomphrenoides"
"2452","Ptilotus helipteroides"
"2453","Ptilotus holosericeus"
"2454","Ptilotus indivisus"
"2455","Ptilotus nobilis subsp. semilanatus"
"2456","Pultenaea adunca"
"2457","Pultenaea alea"
"2458","Pultenaea arida"
"2459","Pultenaea barbata"
"2460","Pultenaea brachyphylla"
"2461","Pultenaea craigiana"
"2462","Pultenaea daena"
"2463","Pultenaea densifolia"
"2464","Pultenaea elachista"
"2465","Pultenaea empetrifolia"
"2466","Pultenaea indira"
"2467","Pultenaea insularis"
"2468","Pultenaea kraehenbuehlii"
"2469","Pultenaea maritima"
"2470","Pultenaea millarii"
"2471","Pultenaea muelleri"
"2472","Pultenaea purpurea"
"2473","Pultenaea rariflora"
"2474","Pultenaea rotundifolia"
"2475","Pultenaea spinulosa"
"2476","Pultenaea tarik"
"2477","Pultenaea tenella"
"2478","Pultenaea trichophylla"
"2479","Pultenaea vestita"
"2480","Pultenaea viscosa"
"2481","Pultenaea whiteana"
"2482","Pultenaea williamsonii"
"2483","Pultenaea wudjariensis"
"2484","Pycnospora lutescens"
"2485","Quinetia urvillei"
"2486","Ranunculus acrophilus"
"2487","Ranunculus amplus"
"2488","Ranunculus anemoneus"
"2489","Ranunculus collinus"
"2490","Ranunculus dissectifolius"
"2491","Ranunculus meristus"
"2492","Ranunculus muelleri"
"2493","Ranunculus niphophilus"
"2494","Ranunculus pumilio var. pumilio"
"2495","Ranunculus robertsonii"
"2496","Ranunculus scapiger"
"2497","Ranunculus sessiliflorus var. sessiliflorus"
"2498","Ranunculus trichophyllus"
"2499","Ranunculus undosus"
"2500","Rhagodia crassifolia"
"2501","Rhagodia eremaea"
"2502","Rhagodia parabolica"
"2503","Rhodanthe chlorocephala subsp. rosea"
"2504","Rhodanthe citrina"
"2505","Rhodanthe corymbiflora"
"2506","Rhodanthe diffusa"
"2507","Rhodanthe floribunda"
"2508","Rhodanthe haigii"
"2509","Rhodanthe laevis"
"2510","Rhodanthe microglossa"
"2511","Rhodanthe moschata"
"2512","Rhodanthe polygalifolia"
"2513","Rhodanthe pygmaea"
"2514","Rhodanthe rubella"
"2515","Rhodanthe stricta"
"2516","Rhodanthe stuartiana"
"2517","Rhodanthe tietkensii"
"2518","Rhodanthe troedelii"
"2519","Rhodanthe uniflora"
"2520","Rhodomyrtus trineura"
"2521","Rhynchospora longisetis"
"2522","Richea continentis"
"2523","Richea victoriana"
"2524","Ricinocarpos pinifolius"
"2525","Roepera aurantiaca subsp. aurantiaca"
"2526","Roepera compressa"
"2527","Roepera eichleri"
"2528","Roepera emarginata"
"2529","Rorippa eustylis"
"2530","Rostellularia adscendens subsp. adscendens"
"2531","Rostellularia adscendens var. adscendens"
"2532","Rostellularia adscendens var. hispida"
"2533","Rostellularia adscendens var. latifolia"
"2534","Rostellularia adscendens var. pogonanthera"
"2535","Rubus moluccanus"
"2536","Rumex crystallinus"
"2537","Rutidosis leiolepis"
"2538","Rytidosperma diemenicum"
"2539","Rytidosperma fortunae-hibernae"
"2540","Rytidosperma gracile"
"2541","Rytidosperma nitens"
"2542","Rytidosperma pauciflorum"
"2543","Rytidosperma racemosum var. obtusatum"
"2544","Rytidosperma racemosum var. racemosum"
"2545","Rytidosperma remotum"
"2546","Sagina namadgi"
"2547","Salvia plebeia"
"2548","Samadera sp. Barong (B.Gray 742)"
"2549","Samolus valerandi"
"2550","Sannantha crenulata"
"2551","Sarcocornia quinqueflora subsp. tasmanica"
"2552","Scaevola amblyanthera"
"2553","Scaevola parvibarbata"
"2554","Scaevola ramosissima"
"2555","Schoenia ayersii"
"2556","Schoenia ramosissima"
"2557","Schoenus sparteus"
"2558","Schoenus yarrabensis"
"2559","Scholtzia umbellifera"
"2560","Schoutenia ovata"
"2561","Scirpodendron ghaeri"
"2562","Sclerolaena anisacanthoides"
"2563","Sclerolaena articulata"
"2564","Sclerolaena bicornis var. bicornis"
"2565","Sclerolaena bicornis var. horrida"
"2566","Sclerolaena blackiana"
"2567","Sclerolaena brevifolia"
"2568","Sclerolaena deserticola"
"2569","Sclerolaena eriacantha"
"2570","Sclerolaena glabra"
"2571","Sclerolaena holtiana"
"2572","Sclerolaena johnsonii"
"2573","Sclerolaena limbata"
"2574","Sclerolaena longicuspis"
"2575","Sclerolaena muricata var. muricata"
"2576","Sclerolaena muricata var. semiglabra"
"2577","Sclerolaena muricata var. villosa"
"2578","Sclerolaena parallelicuspis"
"2579","Sclerolaena stelligera"
"2580","Scutellaria humilis"
"2581","Scutellaria mollis"
"2582","Senecio brigalowensis"
"2583","Senecio gregorii"
"2584","Senecio murrayanus"
"2585","Senecio pectinatus var. major"
"2586","Senecio platylepis"
"2587","Senecio spathulatus"
"2588","Senecio vagus subsp. vagus"
"2589","Senna artemisioides"
"2590","Senna artemisioides subsp. alicia"
"2591","Senna artemisioides subsp. filifolia"
"2592","Senna artemisioides subsp. helmsii"
"2593","Senna artemisioides subsp. oligophylla"
"2594","Senna artemisioides subsp. quadrifolia"
"2595","Senna cardiosperma"
"2596","Senna cardiosperma subsp. gawlerensis"
"2597","Senna cardiosperma subsp. microphylla"
"2598","Senna charlesiana"
"2599","Senna circinnata"
"2600","Senna curvistyla"
"2601","Senna cuthbertsonii"
"2602","Senna ferraria"
"2603","Senna flexuosa"
"2604","Senna glaucifolia"
"2605","Senna glutinosa"
"2606","Senna glutinosa subsp. chatelainiana"
"2607","Senna goniodes"
"2608","Senna hamersleyensis"
"2609","Senna leptoclada"
"2610","Senna manicula"
"2611","Senna notabilis"
"2612","Senna phyllodinea"
"2613","Senna pilocarina"
"2614","Senna pleurocarpa var. pleurocarpa"
"2615","Senna procumbens"
"2616","Senna stowardii"
"2617","Senna stricta"
"2618","Senna surattensis subsp. sulfurea"
"2619","Senna symonii"
"2620","Senna timoriensis"
"2621","Sida argillacea"
"2622","Sida calyxhymenia"
"2623","Sida goniocarpa"
"2624","Sida sp. B (C.Dunlop 1739)"
"2625","Sida sp. Supplejack Station (T.S.Henshall 2345)"
"2626","Sida spenceriana"
"2627","Smithia conferta"
"2628","Smithia sensitiva"
"2629","Solanum pugiunculiferum"
"2630","Solenogyne bellioides"
"2631","Sophora longipes"
"2632","Sophora tomentosa"
"2633","Sorghum intrans"
"2634","Sorghum macrospermum"
"2635","Sorghum propinquum"
"2636","Sowerbaea laxiflora"
"2637","Spartochloa scirpoidea"
"2638","Spathia neurosa"
"2639","Spergularia brevifolia"
"2640","Sphaerolobium daviesioides"
"2641","Sphaerolobium gracile"
"2642","Sphaerolobium pulchellum"
"2643","Sphaerolobium rostratum"
"2644","Sphaerolobium validum"
"2645","Spiranthes elytra"
"2646","Sprengelia incarnata"
"2647","Sprengelia sprengelioides"
"2648","Spyridium eriocephalum var. eriocephalum"
"2649","Spyridium furculentum"
"2650","Spyridium phlebophyllum"
"2651","Spyridium phylicoides"
"2652","Spyridium subochreatum"
"2653","Spyridium tricolor"
"2654","Stackhousia spathulata"
"2655","Steganthera hirsuta"
"2656","Stellaria filiformis"
"2657","Stellaria multiflora"
"2658","Stellaria multiflora subsp. collaris"
"2659","Stellaria papillata"
"2660","Stemodia glabella"
"2661","Stenanthemum tridentatum"
"2662","Stenopetalum anfractum"
"2663","Stenopetalum lineare"
"2664","Stenopetalum sphaerocarpum"
"2665","Streptoglossa bubakii"
"2666","Streptoglossa odora"
"2667","Stuartina hamata"
"2668","Stylidium arenicola"
"2669","Stylidium ciliatum"
"2670","Stylidium crassifolium"
"2671","Stylidium dielsianum"
"2672","Stylidium ecorne"
"2673","Stylidium humphreysii"
"2674","Stylidium piliferum"
"2675","Stylidium repens"
"2676","Surreya diandra"
"2677","Swainsona adenophylla"
"2678","Swainsona campylantha"
"2679","Swainsona fissimontana"
"2680","Swainsona lessertiifolia"
"2681","Swainsona microcalyx"
"2682","Swainsona monticola"
"2683","Swainsona procumbens"
"2684","Swainsona recta"
"2685","Swainsona stipularis"
"2686","Swainsona tenuis"
"2687","Syzygium eucalyptoides subsp. bleeseri"
"2688","Syzygium eucalyptoides subsp. eucalyptoides"
"2689","Tadehagi robustum"
"2690","Taraxacum cygnorum"
"2691","Tasmannia vickeriana"
"2692","Tasmannia xerophila subsp. xerophila"
"2693","Tecticornia halocnemoides subsp. halocnemoides"
"2694","Tecticornia halocnemoides subsp. longispicata"
"2695","Tecticornia indica subsp. bidens"
"2696","Tecticornia indica subsp. leiostachya"
"2697","Tecticornia lepidosperma"
"2698","Tecticornia lylei"
"2699","Tecticornia moniliformis"
"2700","Tecticornia pergranulata subsp. divaricata"
"2701","Tecticornia pergranulata subsp. pergranulata"
"2702","Tecticornia pergranulata subsp. queenslandica"
"2703","Tecticornia pluriflora"
"2704","Tecticornia pterygosperma subsp. pterygosperma"
"2705","Tecticornia syncarpa"
"2706","Templetonia battii"
"2707","Templetonia ceracea"
"2708","Templetonia incrassata"
"2709","Templetonia neglecta"
"2710","Templetonia rossii"
"2711","Templetonia smithiana"
"2712","Tephrosia arenicola"
"2713","Tephrosia astragaloides"
"2714","Tephrosia benthamii"
"2715","Tephrosia bifacialis"
"2716","Tephrosia carriemichelliae"
"2717","Tephrosia delicatula"
"2718","Tephrosia ephippioides"
"2719","Tephrosia gyropoda"
"2720","Tephrosia humifusa"
"2721","Tephrosia juncea"
"2722","Tephrosia laxa"
"2723","Tephrosia maculata"
"2724","Tephrosia nematophylla"
"2725","Tephrosia oblongata"
"2726","Tephrosia oxalidea"
"2727","Tephrosia pumila"
"2728","Tephrosia reticulata"
"2729","Tephrosia sp. Bungaroo Creek (M.E.Trudgen 11601)"
"2730","Tephrosia sp. Carnarvon (J.H.Ross 2681)"
"2731","Tephrosia sp. Central (P.K.Latz 17037)"
"2732","Tephrosia sp. Clay soils (S.van Leeuwen et al. PBS 0273)"
"2733","Tephrosia sp. Copperfield River (P.I.Forster PIF14768)"
"2734","Tephrosia sp. D Kimberley Flora (R.D.Royce 1848)"
"2735","Tephrosia sp. deserts (J.R.Maconochie 1403)"
"2736","Tephrosia sp. Dunes (J.R.Maconochie 938)"
"2737","Tephrosia sp. E Kimberley Flora (C.A.Gardner 9937)"
"2738","Tephrosia sp. Fortescue (A.A.Mitchell 606)"
"2739","Tephrosia sp. G Kimberley Flora (G.J.Keighery 4828)"
"2740","Tephrosia sp. Glenormiston (R.W.Purdie 1362)"
"2741","Tephrosia sp. Granite (P.K.Latz 12116)"
"2742","Tephrosia sp. Groote Eylandt (R.L.Specht 387)"
"2743","Tephrosia sp. Ilfracombe (R.D.Law AQ238393)"
"2744","Tephrosia sp. Iron Range (L.J.Brass 19242)"
"2745","Tephrosia sp. Kennedy Range (J.S.Beard 4392)"
"2746","Tephrosia sp. Kununurra (T.Handesyde TH00 250)"
"2747","Tephrosia sp. Laura (M.B.Thomas 283)"
"2748","Tephrosia sp. Maud Creek (C.R.Michell 43)"
"2749","Tephrosia sp. Metamorphics (C.R.Michell 2557)"
"2750","Tephrosia sp. Muddy Bay (P.I.Forster+ PIF15313)"
"2751","Tephrosia sp. Newman (A.A.Mitchell PRP 29)"
"2752","Tephrosia sp. North West Cape (G.Marsh 81)"
"2753","Tephrosia sp. NW Eremaean (S.van Leeuwen et al. PBS 0356)"
"2754","Tephrosia sp. Pentecost River (I.D.Cowie 4168)"
"2755","Tephrosia sp. Willowra (G.M.Chippendale 4809)"
"2756","Tephrosia spechtii"
"2757","Tephrosia subpectinata"
"2758","Tephrosia timoriensis"
"2759","Tephrosia uniovulata"
"2760","Tephrosia varians"
"2761","Terminalia platyphylla"
"2762","Tetrarrhena oreophila"
"2763","Tetratheca hispidissima"
"2764","Tetratheca procumbens"
"2765","Tetratheca stenocarpa"
"2766","Teucrium albicaule"
"2767","Teucrium integrifolium"
"2768","Teucrium sessiliflorum"
"2769","Teucrium thieleanum"
"2770","Thaumastochloa rubra"
"2771","Thaumastochloa striata"
"2772","Thelepogon australiensis"
"2773","Thelymitra alpicola"
"2774","Thelymitra atronitida"
"2775","Thelymitra basaltica"
"2776","Thelymitra benthamiana"
"2777","Thelymitra bracteata"
"2778","Thelymitra circumsepta"
"2779","Thelymitra cyanea"
"2780","Thelymitra grandiflora"
"2781","Thelymitra gregaria"
"2782","Thelymitra hiemalis"
"2783","Thelymitra holmesii"
"2784","Thelymitra improcera"
"2785","Thelymitra inflata"
"2786","Thelymitra jonesii"
"2787","Thelymitra longiloba"
"2788","Thelymitra lucida"
"2789","Thelymitra luteocilium"
"2790","Thelymitra malvina"
"2791","Thelymitra matthewsii"
"2792","Thelymitra orientalis"
"2793","Thelymitra pallidiflora"
"2794","Thelymitra reflexa"
"2795","Thinicola incana"
"2796","Thomasia paniculata"
"2797","Thomasia sp. Vasse (C.Wilkins & K.Shepherd CW581)"
"2798","Thoracostachyum sumatranum"
"2799","Thryptomene baeckeacea"
"2800","Thryptomene micrantha"
"2801","Thyridolepis multiculmis"
"2802","Thysanotus fractiflexus"
"2803","Thysanotus tenellus"
"2804","Trachymene cyanopetala"
"2805","Trachymene humilis subsp. breviscapa"
"2806","Trachymene ornata"
"2807","Trachymene pilosa"
"2808","Trachymene rotundifolia"
"2809","Trachystylis stradbrokensis"
"2810","Trema tomentosa var. aspera"
"2811","Trema tomentosa var. tomentosa"
"2812","Tremandra stelligera"
"2813","Tribulopis pentandra"
"2814","Tribulus astrocarpus"
"2815","Tribulus hystrix"
"2816","Trichanthodium baracchianum"
"2817","Trichanthodium skirrophorum"
"2818","Tricostularia undulata"
"2819","Triglochin hexagona"
"2820","Triglochin nana"
"2821","Triglochin turrifera"
"2822","Trigonella suavissima"
"2823","Triodia acutispicula"
"2824","Triodia aeria"
"2825","Triodia angusta"
"2826","Triodia aristiglumis"
"2827","Triodia aurita"
"2828","Triodia biflora"
"2829","Triodia brizoides"
"2830","Triodia bromoides"
"2831","Triodia bunglensis"
"2832","Triodia burbidgeana"
"2833","Triodia bynoei"
"2834","Triodia caelestialis"
"2835","Triodia compacta"
"2836","Triodia concinna"
"2837","Triodia contorta"
"2838","Triodia cunninghamii"
"2839","Triodia danthonioides"
"2840","Triodia desertorum"
"2841","Triodia dielsii"
"2842","Triodia epactia"
"2843","Triodia fissura"
"2844","Triodia fitzgeraldii"
"2845","Triodia gracilis"
"2846","Triodia helmsii"
"2847","Triodia hubbardii"
"2848","Triodia inaequiloba"
"2849","Triodia integra"
"2850","Triodia intermedia"
"2851","Triodia inutilis"
"2852","Triodia lanata"
"2853","Triodia lanigera"
"2854","Triodia lanosa"
"2855","Triodia latzii"
"2856","Triodia longiloba"
"2857","Triodia longipalea"
"2858","Triodia melvillei"
"2859","Triodia molesta"
"2860","Triodia pascoeana"
"2861","Triodia plectrachnoides"
"2862","Triodia plurinervata"
"2863","Triodia procera"
"2864","Triodia prona"
"2865","Triodia racemigera"
"2866","Triodia radonensis"
"2867","Triodia rigidissima"
"2868","Triodia roscida"
"2869","Triodia salina"
"2870","Triodia schinzii"
"2871","Triodia secunda"
"2872","Triodia spicata"
"2873","Triodia stipoides"
"2874","Triodia tomentosa"
"2875","Triodia triticoides"
"2876","Triodia uniaristata"
"2877","Triodia vella"
"2878","Triodia wiseana"
"2879","Tristaniopsis laurina"
"2880","Trochocarpa clarkei"
"2881","Trymalium wayi"
"2882","Uraria lagopodioides"
"2883","Urochloa argentea"
"2884","Urochloa holosericea subsp. holosericea"
"2885","Urochloa holosericea subsp. velutina"
"2886","Urochloa occidentalis"
"2887","Urodon capitatus"
"2888","Urodon dasyphyllus"
"2889","Urodon sp. Galena (G.L.Keighery 14733)"
"2890","Urodon sp. Narkal (B.H.Smith 1440)"
"2891","Utricularia violacea"
"2892","Vachellia douglasica"
"2893","Vachellia pachyphloia"
"2894","Vachellia pallidifolia"
"2895","Velleia arguta"
"2896","Velleia trinervis"
"2897","Veronica decorosa"
"2898","Verticordia decussata"
"2899","Viola banksii"
"2900","Viola caleyana"
"2901","Viola eminens"
"2902","Viola hederacea subsp. hederacea"
"2903","Viola improcera"
"2904","Viola sieberiana"
"2905","Viola silicestris"
"2906","Vitex glabrata"
"2907","Vittadinia arida"
"2908","Vittadinia australasica"
"2909","Vittadinia australasica var. australasica"
"2910","Vittadinia australasica var. oricola"
"2911","Vittadinia cervicularis"
"2912","Vittadinia cervicularis var. cervicularis"
"2913","Vittadinia cervicularis var. occidentalis"
"2914","Vittadinia cervicularis var. subcervicularis"
"2915","Vittadinia condyloides"
"2916","Vittadinia cuneata var. cuneata"
"2917","Vittadinia cuneata var. hirsuta"
"2918","Vittadinia cuneata var. morrisii"
"2919","Vittadinia dissecta var. dissecta"
"2920","Vittadinia dissecta var. hirta"
"2921","Vittadinia hispidula"
"2922","Vittadinia megacephala"
"2923","Vittadinia nullarborensis"
"2924","Vittadinia sulcata"
"2925","Vittadinia tenuissima"
"2926","Wahlenbergia densifolia"
"2927","Wahlenbergia littoricola"
"2928","Wahlenbergia planiflora subsp. longipila"
"2929","Wahlenbergia planiflora subsp. planiflora"
"2930","Wahlenbergia preissii"
"2931","Wahlenbergia victoriensis"
"2932","Waitzia acuminata"
"2933","Waitzia acuminata var. acuminata"
"2934","Walwhalleya pungens"
"2935","Westringia crassifolia"
"2936","Westringia senifolia"
"2937","Wetria australiensis"
"2938","Whiteochloa biciliata"
"2939","Whiteochloa multiciliata"
"2940","Whyanbeelia terrae-reginae"
"2941","Wittsteinia vacciniacea"
"2942","Wurmbea biglandulosa"
"2943","Wurmbea dioica"
"2944","Wurmbea latifolia"
"2945","Wurmbea uniflora"
"2946","Xyris bracteata"
"2947","Zieria veronicea"
"2948","Zoysia macrantha subsp. macrantha"
"2949","Zoysia macrantha subsp. walshii"
